customer_id,customer_name,home_planet,segment,tenure_months,behaviour
C00001,Io Rune,Kepler-442b,Student,34,stable
C00002,Aurora Rune,Elysium,Standard,57,stable
C00003,Lyra Ray,Proxima,Standard,6,growing
C00004,Titan Astro,Elysium,Standard,60,growing
C00005,Nova Orbit,Europa,Standard,22,stable
C00006,Quasar Comet,Kepler-442b,Standard,15,stable
C00007,Zenith Meteor,Titan,Student,61,growing
C00008,Elara Vex,Elysium,Standard,83,growing
C00009,Zenith Solace,Proxima,Student,8,declining
C00010,Quasar Star,Kepler-442b,Business,15,stable
C00011,Cygnus Astro,Titan,Standard,48,stable
C00012,Sol Lumen,Kepler-442b,Premium,24,growing
C00013,Astra Orbit,Europa,Standard,84,declining
C00014,Astra Spectra,Titan,Student,10,stable
C00015,Orion Comet,Europa,Standard,30,occasional
C00016,Altair Lumen,Titan,Standard,66,stable
C00017,Io Vector,Proxima,Standard,34,declining
C00018,Rigel Void,Elysium,Standard,77,stable
C00019,Astra Flux,Elysium,Standard,9,occasional
C00020,Atlas Astro,Proxima,Student,57,growing
C00021,Elara Pulse,Elysium,Business,70,stable
C00022,Rigel Quill,Kepler-442b,Premium,71,declining
C00023,Quasar Astro,Titan,Standard,58,stable
C00024,Nova Gravity,Titan,Business,25,growing
C00025,Vega Astro,Titan,Student,67,growing
C00026,Atlas Drift,Proxima,Standard,70,occasional
C00027,Andromeda Comet,Europa,Standard,49,occasional
C00028,Nebula Echo,Kepler-442b,Standard,75,occasional
C00029,Lyra Gravity,Europa,Student,71,declining
C00030,Atlas Spectra,Europa,Business,24,stable
C00031,Andromeda Cosmos,Proxima,Business,28,declining
C00032,Elara Spectra,Titan,Standard,69,growing
C00033,Astra Echo,Kepler-442b,Standard,78,growing
C00034,Altair Echo,Kepler-442b,Standard,83,stable
C00035,Lyra Vale,Titan,Standard,33,stable
C00036,Draco Ray,Elysium,Standard,76,growing
C00037,Astra Zen,Europa,Standard,15,declining
C00038,Zenith Cosmos,Europa,Standard,9,declining
C00039,Io Rune,Kepler-442b,Standard,46,declining
C00040,Vega Echo,Proxima,Standard,60,stable
C00041,Luna Void,Europa,Standard,12,stable
C00042,Rigel Rune,Kepler-442b,Premium,72,declining
C00043,Lyra Echo,Proxima,Standard,64,stable
C00044,Elara Vale,Proxima,Standard,52,stable
C00045,Cygnus Star,Europa,Premium,74,declining
C00046,Draco Flux,Proxima,Standard,10,growing
C00047,Rigel Vale,Titan,Standard,77,growing
C00048,Aria Orbit,Kepler-442b,Business,13,occasional
C00049,Lyra Meteor,Kepler-442b,Premium,33,stable
C00050,Altair Echo,Elysium,Premium,82,stable
C00051,Calypso Solace,Elysium,Standard,36,stable
C00052,Titan Comet,Proxima,Standard,19,declining
C00053,Nebula Vector,Titan,Business,12,stable
C00054,Andromeda Solace,Kepler-442b,Standard,30,growing
C00055,Atlas Drift,Kepler-442b,Business,50,stable
C00056,Cygnus Halo,Titan,Premium,70,stable
C00057,Rigel Star,Kepler-442b,Business,20,stable
C00058,Vega Gravity,Elysium,Standard,39,growing
C00059,Titan Comet,Proxima,Premium,36,growing
C00060,Sol Vale,Kepler-442b,Premium,38,stable
C00061,Phoenix Flux,Titan,Standard,59,growing
C00062,Stella Halo,Kepler-442b,Standard,22,growing
C00063,Zenith Solace,Elysium,Standard,19,stable
C00064,Zenith Vale,Titan,Standard,34,declining
C00065,Zenith Halo,Europa,Business,22,occasional
C00066,Astra Orbit,Proxima,Business,6,stable
C00067,Phoenix Cosmos,Proxima,Standard,16,stable
C00068,Orion Zen,Proxima,Standard,61,stable
C00069,Astra Echo,Kepler-442b,Premium,54,stable
C00070,Lyra Void,Titan,Premium,54,declining
C00071,Rigel Comet,Kepler-442b,Standard,36,stable
C00072,Sol Vale,Kepler-442b,Premium,47,declining
C00073,Phoenix Cosmos,Elysium,Business,17,stable
C00074,Altair Ray,Titan,Standard,58,stable
C00075,Rigel Spectra,Proxima,Standard,11,occasional
C00076,Phoenix Meteor,Titan,Premium,18,declining
C00077,Nebula Nexus,Titan,Premium,44,stable
C00078,Nebula Halo,Proxima,Standard,51,declining
C00079,Luna Meteor,Elysium,Standard,73,declining
C00080,Nebula Star,Proxima,Standard,77,growing
C00081,Phoenix Vector,Europa,Standard,30,growing
C00082,Aurora Orbit,Kepler-442b,Standard,84,growing
C00083,Lyra Echo,Titan,Standard,28,stable
C00084,Orion Echo,Europa,Premium,12,growing
C00085,Io Solace,Proxima,Student,52,growing
C00086,Astra Flux,Kepler-442b,Business,16,declining
C00087,Astra Orbit,Elysium,Standard,74,stable
C00088,Vega Vector,Proxima,Student,70,occasional
C00089,Andromeda Comet,Europa,Premium,67,stable
C00090,Rigel Vector,Proxima,Student,63,growing
C00091,Quasar Echo,Titan,Student,69,growing
C00092,Astra Void,Europa,Standard,39,stable
C00093,Phoenix Comet,Elysium,Standard,22,stable
C00094,Titan Flux,Proxima,Standard,55,stable
C00095,Cygnus Cosmos,Kepler-442b,Standard,56,stable
C00096,Quasar Solace,Kepler-442b,Business,76,stable
C00097,Nova Drift,Titan,Student,56,growing
C00098,Aurora Halo,Elysium,Business,65,stable
C00099,Stella Zen,Kepler-442b,Standard,54,declining
C00100,Cygnus Flux,Elysium,Standard,53,growing
C00101,Calypso Quill,Kepler-442b,Premium,20,occasional
C00102,Luna Vale,Titan,Standard,30,growing
C00103,Phoenix Pulse,Titan,Student,56,stable
C00104,Lyra Zen,Kepler-442b,Student,9,occasional
C00105,Zenith Echo,Kepler-442b,Student,8,declining
C00106,Astra Ray,Kepler-442b,Premium,33,stable
C00107,Calypso Rune,Elysium,Business,62,declining
C00108,Quasar Drift,Proxima,Premium,17,declining
C00109,Luna Star,Kepler-442b,Premium,42,growing
C00110,Elara Pulse,Proxima,Standard,83,stable
C00111,Titan Star,Elysium,Student,75,declining
C00112,Zenith Halo,Europa,Premium,11,growing
C00113,Phoenix Quill,Europa,Student,16,stable
C00114,Zenith Astro,Europa,Student,58,stable
C00115,Aria Astro,Titan,Premium,71,declining
C00116,Cygnus Cosmos,Elysium,Standard,34,declining
C00117,Lyra Void,Europa,Standard,62,growing
C00118,Calypso Pulse,Titan,Standard,44,stable
C00119,Cosmo Drift,Titan,Standard,79,declining
C00120,Sol Halo,Kepler-442b,Standard,27,stable
C00121,Aurora Cosmos,Europa,Premium,33,declining
C00122,Io Lumen,Europa,Standard,5,stable
C00123,Astra Pulse,Proxima,Standard,77,stable
C00124,Rigel Nexus,Titan,Standard,73,stable
C00125,Titan Vector,Titan,Standard,32,stable
C00126,Cosmo Comet,Kepler-442b,Student,26,stable
C00127,Aurora Zen,Titan,Student,70,growing
C00128,Vega Ray,Titan,Standard,25,stable
C00129,Titan Halo,Proxima,Standard,9,growing
C00130,Titan Flux,Europa,Standard,4,growing
C00131,Draco Zen,Europa,Standard,9,stable
C00132,Draco Rune,Kepler-442b,Standard,12,growing
C00133,Calypso Vale,Proxima,Standard,75,occasional
C00134,Lyra Echo,Kepler-442b,Premium,56,growing
C00135,Andromeda Echo,Elysium,Standard,59,stable
C00136,Altair Cosmos,Titan,Premium,10,growing
C00137,Aurora Rune,Proxima,Premium,36,declining
C00138,Luna Echo,Proxima,Premium,23,stable
C00139,Cygnus Lumen,Elysium,Standard,7,stable
C00140,Titan Star,Europa,Standard,32,occasional
C00141,Io Solace,Proxima,Standard,72,stable
C00142,Atlas Void,Proxima,Standard,24,declining
C00143,Andromeda Gravity,Elysium,Business,59,stable
C00144,Titan Star,Europa,Business,67,growing
C00145,Cygnus Vex,Elysium,Standard,58,declining
C00146,Andromeda Void,Kepler-442b,Standard,76,growing
C00147,Nova Spectra,Titan,Premium,25,growing
C00148,Io Vector,Titan,Standard,77,stable
C00149,Draco Vex,Europa,Standard,45,stable
C00150,Vega Orbit,Titan,Standard,66,stable
C00151,Elara Halo,Kepler-442b,Standard,43,stable
C00152,Vega Pulse,Elysium,Student,3,declining
C00153,Rigel Vector,Europa,Standard,69,stable
C00154,Quasar Zen,Europa,Student,29,stable
C00155,Atlas Star,Europa,Business,65,stable
C00156,Io Meteor,Proxima,Student,42,growing
C00157,Rigel Cosmos,Kepler-442b,Standard,17,growing
C00158,Vega Astro,Proxima,Standard,40,growing
C00159,Sol Cosmos,Europa,Business,34,growing
C00160,Atlas Pulse,Proxima,Business,68,declining
C00161,Atlas Vex,Titan,Student,56,stable
C00162,Aria Void,Kepler-442b,Standard,41,declining
C00163,Altair Spectra,Europa,Business,60,growing
C00164,Zenith Comet,Elysium,Student,51,growing
C00165,Phoenix Ray,Proxima,Premium,32,occasional
C00166,Stella Vale,Titan,Student,51,stable
C00167,Calypso Astro,Proxima,Standard,7,stable
C00168,Altair Comet,Kepler-442b,Business,59,stable
C00169,Cygnus Quill,Proxima,Standard,22,stable
C00170,Sol Comet,Elysium,Premium,13,occasional
C00171,Calypso Halo,Europa,Business,83,declining
C00172,Quasar Zen,Elysium,Standard,11,stable
C00173,Calypso Star,Proxima,Student,58,occasional
C00174,Quasar Astro,Kepler-442b,Standard,41,occasional
C00175,Orion Comet,Kepler-442b,Standard,50,stable
C00176,Astra Nexus,Europa,Premium,26,stable
C00177,Lyra Meteor,Europa,Premium,33,growing
C00178,Altair Flux,Proxima,Standard,35,growing
C00179,Calypso Quill,Europa,Business,72,stable
C00180,Cygnus Drift,Elysium,Standard,57,declining
C00181,Cygnus Star,Proxima,Business,64,stable
C00182,Elara Solace,Titan,Premium,40,stable
C00183,Calypso Pulse,Titan,Standard,9,occasional
C00184,Aurora Zen,Titan,Student,32,growing
C00185,Zenith Echo,Proxima,Premium,20,growing
C00186,Io Astro,Kepler-442b,Standard,59,stable
C00187,Zenith Gravity,Proxima,Standard,40,stable
C00188,Stella Orbit,Proxima,Standard,72,occasional
C00189,Zenith Nexus,Elysium,Business,24,stable
C00190,Draco Star,Titan,Student,62,occasional
C00191,Atlas Echo,Europa,Business,74,stable
C00192,Elara Quill,Titan,Standard,61,stable
C00193,Aurora Spectra,Titan,Premium,84,occasional
C00194,Vega Spectra,Proxima,Standard,82,occasional
C00195,Rigel Comet,Elysium,Standard,11,growing
C00196,Cygnus Lumen,Titan,Premium,17,stable
C00197,Orion Star,Europa,Standard,33,occasional
C00198,Atlas Pulse,Europa,Standard,72,stable
C00199,Aurora Gravity,Proxima,Business,15,declining
C00200,Andromeda Cosmos,Titan,Standard,50,stable
C00201,Cygnus Echo,Titan,Standard,50,growing
C00202,Io Drift,Kepler-442b,Standard,27,occasional
C00203,Cygnus Vex,Proxima,Premium,79,occasional
C00204,Orion Comet,Proxima,Business,75,stable
C00205,Quasar Halo,Proxima,Premium,32,stable
C00206,Atlas Meteor,Kepler-442b,Standard,21,occasional
C00207,Rigel Void,Proxima,Standard,6,stable
C00208,Zenith Echo,Elysium,Standard,25,stable
C00209,Atlas Gravity,Europa,Standard,11,growing
C00210,Quasar Drift,Elysium,Premium,60,growing
C00211,Andromeda Vale,Elysium,Standard,6,stable
C00212,Draco Pulse,Europa,Premium,65,declining
C00213,Cygnus Vex,Kepler-442b,Standard,21,stable
C00214,Sol Meteor,Elysium,Standard,44,stable
C00215,Andromeda Nexus,Titan,Standard,80,stable
C00216,Titan Rune,Elysium,Student,30,stable
C00217,Astra Cosmos,Titan,Student,54,stable
C00218,Vega Comet,Europa,Standard,35,stable
C00219,Atlas Spectra,Europa,Standard,13,stable
C00220,Vega Gravity,Titan,Student,74,stable
C00221,Rigel Halo,Titan,Premium,55,stable
C00222,Calypso Cosmos,Kepler-442b,Business,79,stable
C00223,Vega Solace,Elysium,Standard,64,stable
C00224,Vega Drift,Elysium,Standard,38,growing
C00225,Stella Halo,Elysium,Premium,74,stable
C00226,Calypso Lumen,Titan,Standard,37,declining
C00227,Nebula Comet,Titan,Standard,21,growing
C00228,Elara Vex,Proxima,Student,6,stable
C00229,Aria Ray,Europa,Standard,46,stable
C00230,Nebula Gravity,Titan,Student,75,growing
C00231,Orion Flux,Proxima,Student,9,declining
C00232,Sol Vector,Europa,Standard,59,stable
C00233,Cosmo Nexus,Kepler-442b,Standard,17,stable
C00234,Calypso Solace,Europa,Standard,42,stable
C00235,Elara Meteor,Kepler-442b,Standard,41,occasional
C00236,Quasar Flux,Titan,Standard,18,stable
C00237,Aurora Cosmos,Proxima,Standard,71,declining
C00238,Aria Halo,Titan,Standard,8,stable
C00239,Cygnus Vex,Titan,Premium,76,stable
C00240,Io Cosmos,Titan,Standard,5,occasional
C00241,Luna Meteor,Europa,Student,49,stable
C00242,Vega Echo,Europa,Premium,70,stable
C00243,Nebula Gravity,Titan,Standard,24,stable
C00244,Io Rune,Elysium,Standard,47,stable
C00245,Io Flux,Proxima,Standard,35,stable
C00246,Andromeda Flux,Kepler-442b,Standard,83,growing
C00247,Quasar Solace,Elysium,Standard,75,growing
C00248,Andromeda Comet,Titan,Standard,11,growing
C00249,Io Star,Titan,Premium,48,growing
C00250,Nebula Vector,Europa,Standard,50,declining
C00251,Lyra Astro,Kepler-442b,Premium,67,stable
C00252,Altair Halo,Kepler-442b,Standard,76,declining
C00253,Phoenix Meteor,Europa,Standard,10,growing
C00254,Phoenix Lumen,Kepler-442b,Standard,25,stable
C00255,Titan Vector,Europa,Standard,81,stable
C00256,Zenith Star,Europa,Standard,46,declining
C00257,Orion Astro,Titan,Standard,15,growing
C00258,Elara Star,Titan,Student,80,occasional
C00259,Phoenix Vex,Elysium,Premium,47,stable
C00260,Io Lumen,Europa,Standard,13,stable
C00261,Elara Astro,Titan,Student,70,stable
C00262,Calypso Cosmos,Elysium,Standard,49,stable
C00263,Cosmo Comet,Europa,Standard,20,stable
C00264,Nebula Rune,Elysium,Student,70,stable
C00265,Phoenix Meteor,Proxima,Premium,22,stable
C00266,Titan Meteor,Proxima,Student,8,stable
C00267,Calypso Gravity,Proxima,Business,81,stable
C00268,Aurora Vector,Proxima,Standard,42,occasional
C00269,Draco Ray,Titan,Premium,76,occasional
C00270,Cygnus Star,Europa,Standard,56,occasional
C00271,Cosmo Meteor,Proxima,Business,9,growing
C00272,Zenith Halo,Kepler-442b,Student,69,occasional
C00273,Nebula Vex,Proxima,Standard,68,stable
C00274,Stella Vex,Proxima,Student,47,occasional
C00275,Stella Vale,Europa,Standard,33,stable
C00276,Lyra Drift,Proxima,Standard,15,declining
C00277,Io Comet,Proxima,Standard,39,occasional
C00278,Draco Lumen,Proxima,Student,63,stable
C00279,Nova Vex,Kepler-442b,Standard,22,growing
C00280,Aurora Meteor,Elysium,Standard,39,stable
C00281,Vega Vale,Proxima,Standard,82,growing
C00282,Vega Zen,Elysium,Standard,83,growing
C00283,Astra Lumen,Proxima,Standard,3,growing
C00284,Astra Solace,Europa,Standard,13,growing
C00285,Zenith Vex,Elysium,Standard,67,growing
C00286,Elara Zen,Kepler-442b,Premium,50,stable
C00287,Nova Drift,Kepler-442b,Standard,83,stable
C00288,Altair Gravity,Titan,Standard,48,growing
C00289,Io Orbit,Europa,Business,64,growing
C00290,Atlas Vex,Europa,Standard,28,stable
C00291,Cosmo Vale,Titan,Business,68,stable
C00292,Rigel Zen,Titan,Standard,27,stable
C00293,Quasar Vale,Titan,Standard,50,stable
C00294,Elara Gravity,Europa,Business,52,stable
C00295,Luna Zen,Europa,Standard,69,stable
C00296,Lyra Gravity,Europa,Standard,80,occasional
C00297,Luna Halo,Titan,Standard,13,stable
C00298,Nebula Star,Europa,Premium,57,stable
C00299,Cygnus Drift,Europa,Standard,48,growing
C00300,Stella Void,Kepler-442b,Standard,84,stable
C00301,Aria Gravity,Proxima,Business,21,declining
C00302,Calypso Vector,Kepler-442b,Standard,33,declining
C00303,Zenith Drift,Europa,Business,7,growing
C00304,Calypso Vector,Titan,Standard,12,growing
C00305,Aria Drift,Europa,Standard,38,stable
C00306,Vega Quill,Proxima,Standard,52,occasional
C00307,Vega Void,Titan,Student,30,occasional
C00308,Nebula Lumen,Europa,Standard,20,occasional
C00309,Cygnus Orbit,Europa,Business,43,declining
C00310,Titan Vex,Elysium,Standard,41,occasional
C00311,Titan Lumen,Proxima,Student,68,stable
C00312,Cosmo Flux,Proxima,Student,6,stable
C00313,Altair Drift,Europa,Student,73,stable
C00314,Lyra Vex,Titan,Standard,64,growing
C00315,Quasar Cosmos,Elysium,Standard,43,growing
C00316,Cygnus Vector,Elysium,Standard,73,growing
C00317,Luna Flux,Europa,Standard,10,declining
C00318,Aria Flux,Titan,Standard,44,occasional
C00319,Astra Drift,Elysium,Business,13,stable
C00320,Io Halo,Titan,Standard,41,growing
C00321,Lyra Nexus,Proxima,Premium,77,stable
C00322,Calypso Meteor,Elysium,Standard,75,stable
C00323,Nova Vex,Kepler-442b,Business,76,stable
C00324,Cosmo Solace,Europa,Premium,6,growing
C00325,Io Halo,Titan,Premium,41,growing
C00326,Calypso Pulse,Titan,Standard,10,stable
C00327,Stella Zen,Europa,Standard,80,stable
C00328,Titan Comet,Titan,Business,19,declining
C00329,Aria Halo,Kepler-442b,Standard,62,stable
C00330,Cygnus Echo,Proxima,Standard,40,occasional
C00331,Andromeda Cosmos,Proxima,Business,23,declining
C00332,Altair Gravity,Titan,Standard,23,growing
C00333,Aria Vector,Europa,Business,66,stable
C00334,Elara Nexus,Europa,Business,30,growing
C00335,Orion Vale,Titan,Standard,63,stable
C00336,Nova Rune,Europa,Standard,36,declining
C00337,Quasar Pulse,Titan,Standard,9,growing
C00338,Cosmo Drift,Elysium,Standard,52,growing
C00339,Quasar Halo,Titan,Student,82,declining
C00340,Vega Flux,Kepler-442b,Standard,46,growing
C00341,Zenith Flux,Proxima,Premium,54,growing
C00342,Orion Vale,Proxima,Student,63,growing
C00343,Atlas Meteor,Elysium,Standard,81,stable
C00344,Elara Meteor,Titan,Premium,67,declining
C00345,Rigel Zen,Elysium,Standard,5,stable
C00346,Calypso Rune,Europa,Premium,83,stable
C00347,Draco Void,Elysium,Premium,9,growing
C00348,Luna Nexus,Elysium,Student,51,stable
C00349,Calypso Echo,Kepler-442b,Premium,17,stable
C00350,Cygnus Comet,Europa,Standard,29,stable
C00351,Quasar Meteor,Europa,Business,10,declining
C00352,Aria Ray,Elysium,Standard,64,growing
C00353,Phoenix Orbit,Europa,Business,46,growing
C00354,Calypso Gravity,Titan,Premium,27,occasional
C00355,Sol Halo,Titan,Standard,41,declining
C00356,Titan Ray,Europa,Standard,47,growing
C00357,Aurora Void,Titan,Standard,72,stable
C00358,Elara Drift,Proxima,Standard,39,occasional
C00359,Lyra Drift,Europa,Premium,64,stable
C00360,Rigel Void,Elysium,Premium,20,stable
C00361,Aurora Solace,Proxima,Standard,70,stable
C00362,Astra Vale,Kepler-442b,Standard,63,stable
C00363,Quasar Flux,Kepler-442b,Business,23,stable
C00364,Draco Zen,Proxima,Student,39,stable
C00365,Io Vale,Kepler-442b,Premium,32,growing
C00366,Aurora Vale,Proxima,Standard,25,occasional
C00367,Orion Pulse,Europa,Standard,40,occasional
C00368,Nova Star,Elysium,Premium,45,stable
C00369,Io Halo,Elysium,Standard,20,occasional
C00370,Cygnus Void,Proxima,Student,45,stable
C00371,Cygnus Astro,Titan,Student,4,declining
C00372,Nebula Solace,Proxima,Standard,84,occasional
C00373,Stella Nexus,Titan,Standard,15,stable
C00374,Atlas Zen,Titan,Business,3,stable
C00375,Astra Vector,Titan,Business,41,growing
C00376,Altair Quill,Titan,Premium,33,stable
C00377,Vega Vector,Titan,Standard,67,occasional
C00378,Titan Star,Kepler-442b,Premium,40,stable
C00379,Astra Echo,Proxima,Standard,61,declining
C00380,Andromeda Drift,Europa,Student,63,declining
C00381,Calypso Ray,Proxima,Premium,79,occasional
C00382,Lyra Nexus,Europa,Standard,49,stable
C00383,Altair Rune,Kepler-442b,Student,67,stable
C00384,Rigel Flux,Proxima,Standard,69,stable
C00385,Calypso Ray,Elysium,Standard,68,stable
C00386,Orion Vector,Proxima,Standard,61,growing
C00387,Rigel Vector,Titan,Student,53,stable
C00388,Nova Gravity,Proxima,Premium,8,stable
C00389,Titan Vex,Elysium,Business,11,occasional
C00390,Draco Vale,Titan,Standard,20,declining
C00391,Aurora Astro,Europa,Standard,51,stable
C00392,Elara Pulse,Kepler-442b,Premium,72,stable
C00393,Zenith Rune,Proxima,Business,53,growing
C00394,Aurora Echo,Kepler-442b,Student,41,growing
C00395,Aurora Halo,Europa,Standard,32,stable
C00396,Zenith Flux,Titan,Standard,17,stable
C00397,Calypso Cosmos,Elysium,Student,5,stable
C00398,Lyra Rune,Elysium,Standard,79,declining
C00399,Orion Echo,Kepler-442b,Standard,32,growing
C00400,Quasar Vale,Proxima,Standard,40,stable
C00401,Aurora Solace,Titan,Premium,44,stable
C00402,Atlas Spectra,Elysium,Standard,41,stable
C00403,Rigel Solace,Proxima,Premium,57,growing
C00404,Orion Drift,Europa,Student,43,declining
C00405,Stella Flux,Titan,Standard,71,growing
C00406,Astra Star,Proxima,Student,10,growing
C00407,Stella Halo,Elysium,Standard,34,stable
C00408,Phoenix Astro,Kepler-442b,Business,50,stable
C00409,Aurora Ray,Kepler-442b,Standard,80,growing
C00410,Lyra Ray,Elysium,Student,74,stable
C00411,Cosmo Comet,Titan,Business,4,stable
C00412,Cosmo Gravity,Kepler-442b,Student,64,occasional
C00413,Titan Meteor,Proxima,Standard,33,growing
C00414,Quasar Star,Europa,Standard,48,stable
C00415,Zenith Nexus,Europa,Standard,63,declining
C00416,Phoenix Ray,Titan,Standard,8,growing
C00417,Astra Gravity,Proxima,Standard,73,occasional
C00418,Altair Gravity,Europa,Standard,28,stable
C00419,Elara Solace,Proxima,Standard,46,stable
C00420,Draco Gravity,Europa,Standard,48,stable
C00421,Aurora Halo,Europa,Standard,72,occasional
C00422,Orion Nexus,Kepler-442b,Student,12,occasional
C00423,Calypso Vale,Kepler-442b,Standard,83,stable
C00424,Titan Flux,Kepler-442b,Standard,61,stable
C00425,Andromeda Astro,Elysium,Business,65,stable
C00426,Rigel Halo,Europa,Standard,70,declining
C00427,Rigel Star,Kepler-442b,Standard,58,declining
C00428,Luna Rune,Kepler-442b,Standard,33,stable
C00429,Aria Void,Titan,Standard,53,stable
C00430,Elara Vector,Elysium,Standard,31,stable
C00431,Lyra Astro,Kepler-442b,Standard,51,stable
C00432,Draco Vale,Kepler-442b,Student,13,growing
C00433,Stella Astro,Titan,Premium,15,occasional
C00434,Orion Echo,Proxima,Business,75,growing
C00435,Orion Vex,Titan,Business,75,declining
C00436,Luna Comet,Kepler-442b,Business,78,stable
C00437,Titan Pulse,Kepler-442b,Standard,75,stable
C00438,Elara Spectra,Elysium,Standard,20,declining
C00439,Titan Gravity,Kepler-442b,Standard,47,stable
C00440,Stella Echo,Kepler-442b,Standard,81,occasional
C00441,Elara Comet,Kepler-442b,Premium,60,growing
C00442,Zenith Halo,Europa,Standard,77,declining
C00443,Lyra Meteor,Titan,Student,12,stable
C00444,Atlas Pulse,Proxima,Student,43,stable
C00445,Lyra Quill,Titan,Standard,37,stable
C00446,Lyra Orbit,Europa,Standard,74,growing
C00447,Vega Quill,Kepler-442b,Standard,14,growing
C00448,Phoenix Pulse,Kepler-442b,Standard,52,declining
C00449,Aurora Halo,Proxima,Premium,24,declining
C00450,Luna Flux,Titan,Standard,66,stable
C00451,Luna Cosmos,Titan,Standard,64,declining
C00452,Zenith Void,Proxima,Student,66,growing
C00453,Cosmo Vector,Kepler-442b,Standard,3,occasional
C00454,Phoenix Meteor,Europa,Student,45,stable
C00455,Stella Astro,Elysium,Standard,44,growing
C00456,Titan Ray,Europa,Standard,53,occasional
C00457,Nebula Gravity,Europa,Business,34,stable
C00458,Sol Pulse,Titan,Standard,75,stable
C00459,Rigel Orbit,Elysium,Standard,62,occasional
C00460,Cosmo Vector,Titan,Student,11,declining
C00461,Stella Spectra,Europa,Standard,41,stable
C00462,Calypso Flux,Europa,Student,12,stable
C00463,Andromeda Zen,Elysium,Standard,67,occasional
C00464,Titan Cosmos,Elysium,Standard,49,declining
C00465,Rigel Meteor,Kepler-442b,Standard,34,declining
C00466,Zenith Orbit,Elysium,Standard,54,occasional
C00467,Phoenix Cosmos,Kepler-442b,Standard,36,stable
C00468,Aurora Nexus,Elysium,Premium,76,stable
C00469,Zenith Pulse,Europa,Student,78,declining
C00470,Atlas Drift,Kepler-442b,Standard,40,stable
C00471,Lyra Rune,Proxima,Standard,46,growing
C00472,Cosmo Nexus,Europa,Standard,15,stable
C00473,Titan Vector,Titan,Standard,8,declining
C00474,Vega Quill,Titan,Premium,24,occasional
C00475,Aurora Echo,Elysium,Standard,23,stable
C00476,Stella Vector,Proxima,Student,83,stable
C00477,Io Spectra,Europa,Standard,81,occasional
C00478,Cygnus Solace,Europa,Standard,30,stable
C00479,Quasar Lumen,Kepler-442b,Premium,71,stable
C00480,Phoenix Ray,Europa,Standard,65,growing
C00481,Io Comet,Elysium,Standard,53,growing
C00482,Zenith Drift,Europa,Premium,41,occasional
C00483,Altair Vex,Proxima,Standard,33,stable
C00484,Luna Drift,Proxima,Standard,56,growing
C00485,Altair Pulse,Europa,Standard,84,growing
C00486,Io Orbit,Elysium,Standard,39,stable
C00487,Phoenix Vector,Elysium,Standard,48,occasional
C00488,Draco Flux,Proxima,Student,74,growing
C00489,Draco Cosmos,Europa,Standard,59,growing
C00490,Lyra Solace,Kepler-442b,Student,31,stable
C00491,Sol Echo,Elysium,Standard,61,growing
C00492,Quasar Zen,Elysium,Standard,76,stable
C00493,Quasar Halo,Titan,Standard,8,declining
C00494,Cygnus Halo,Proxima,Business,16,declining
C00495,Io Echo,Titan,Business,7,stable
C00496,Zenith Vex,Europa,Business,18,declining
C00497,Astra Ray,Elysium,Premium,81,growing
C00498,Luna Meteor,Proxima,Student,29,declining
C00499,Altair Drift,Elysium,Standard,71,stable
C00500,Titan Star,Titan,Premium,68,occasional
C00501,Calypso Rune,Proxima,Business,55,occasional
C00502,Sol Astro,Proxima,Student,19,stable
C00503,Titan Comet,Proxima,Student,53,growing
C00504,Altair Astro,Titan,Premium,51,growing
C00505,Io Vex,Europa,Standard,38,declining
C00506,Zenith Vector,Europa,Standard,3,occasional
C00507,Aurora Vex,Europa,Premium,48,occasional
C00508,Rigel Pulse,Proxima,Business,30,growing
C00509,Phoenix Star,Titan,Standard,19,growing
C00510,Draco Comet,Kepler-442b,Standard,83,declining
C00511,Cygnus Quill,Kepler-442b,Business,23,stable
C00512,Nova Cosmos,Proxima,Business,19,occasional
C00513,Nebula Orbit,Titan,Standard,49,stable
C00514,Zenith Spectra,Proxima,Standard,83,stable
C00515,Titan Echo,Europa,Premium,15,stable
C00516,Draco Vex,Proxima,Premium,69,declining
C00517,Nova Quill,Titan,Student,57,declining
C00518,Draco Vex,Proxima,Standard,16,stable
C00519,Zenith Star,Proxima,Standard,20,growing
C00520,Calypso Flux,Kepler-442b,Standard,4,growing
C00521,Luna Vector,Titan,Student,83,declining
C00522,Stella Meteor,Europa,Business,14,occasional
C00523,Atlas Rune,Elysium,Student,47,occasional
C00524,Phoenix Flux,Proxima,Standard,13,stable
C00525,Andromeda Meteor,Elysium,Standard,6,declining
C00526,Calypso Star,Proxima,Standard,68,stable
C00527,Elara Star,Kepler-442b,Student,33,growing
C00528,Vega Echo,Europa,Premium,12,growing
C00529,Nova Drift,Titan,Standard,75,stable
C00530,Rigel Spectra,Proxima,Student,12,stable
C00531,Lyra Quill,Titan,Standard,10,occasional
C00532,Elara Nexus,Titan,Premium,67,declining
C00533,Stella Lumen,Europa,Standard,71,growing
C00534,Atlas Void,Kepler-442b,Standard,68,occasional
C00535,Atlas Halo,Titan,Standard,84,declining
C00536,Io Spectra,Kepler-442b,Standard,58,declining
C00537,Astra Vale,Proxima,Standard,58,stable
C00538,Andromeda Meteor,Kepler-442b,Standard,25,stable
C00539,Titan Flux,Kepler-442b,Standard,47,growing
C00540,Aurora Void,Proxima,Standard,37,declining
C00541,Vega Quill,Titan,Student,37,growing
C00542,Sol Lumen,Elysium,Premium,66,growing
C00543,Zenith Vale,Europa,Business,24,stable
C00544,Sol Rune,Elysium,Premium,17,stable
C00545,Aria Quill,Kepler-442b,Business,4,stable
C00546,Draco Drift,Europa,Business,25,occasional
C00547,Orion Halo,Europa,Standard,34,stable
C00548,Aurora Comet,Titan,Student,76,stable
C00549,Aria Spectra,Kepler-442b,Standard,69,occasional
C00550,Elara Vex,Europa,Business,42,stable
C00551,Rigel Vector,Kepler-442b,Standard,40,growing
C00552,Nebula Gravity,Elysium,Standard,50,growing
C00553,Draco Ray,Elysium,Student,34,stable
C00554,Stella Quill,Proxima,Standard,84,declining
C00555,Nova Comet,Kepler-442b,Student,51,declining
C00556,Aurora Star,Kepler-442b,Standard,33,stable
C00557,Orion Flux,Titan,Standard,32,occasional
C00558,Aria Cosmos,Titan,Standard,13,growing
C00559,Aria Flux,Europa,Standard,75,stable
C00560,Calypso Flux,Proxima,Standard,43,occasional
C00561,Elara Lumen,Titan,Standard,37,stable
C00562,Cosmo Flux,Elysium,Standard,16,stable
C00563,Cygnus Comet,Europa,Standard,48,occasional
C00564,Cosmo Vector,Titan,Standard,18,stable
C00565,Calypso Star,Elysium,Standard,44,stable
C00566,Titan Echo,Titan,Standard,9,declining
C00567,Sol Orbit,Kepler-442b,Business,60,growing
C00568,Rigel Echo,Kepler-442b,Standard,20,stable
C00569,Orion Echo,Proxima,Standard,54,stable
C00570,Io Astro,Kepler-442b,Premium,36,occasional
C00571,Lyra Quill,Kepler-442b,Standard,59,declining
C00572,Lyra Comet,Kepler-442b,Standard,62,stable
C00573,Altair Cosmos,Europa,Standard,51,declining
C00574,Luna Drift,Proxima,Business,38,stable
C00575,Atlas Vale,Elysium,Premium,34,growing
C00576,Draco Cosmos,Elysium,Standard,14,stable
C00577,Atlas Cosmos,Proxima,Premium,70,stable
C00578,Rigel Quill,Europa,Student,48,growing
C00579,Draco Drift,Elysium,Standard,52,stable
C00580,Nova Comet,Elysium,Standard,38,stable
C00581,Draco Nexus,Titan,Student,32,occasional
C00582,Vega Echo,Proxima,Standard,10,declining
C00583,Astra Solace,Europa,Standard,25,stable
C00584,Altair Comet,Titan,Business,6,declining
C00585,Zenith Solace,Elysium,Standard,27,declining
C00586,Draco Halo,Titan,Standard,7,stable
C00587,Astra Meteor,Proxima,Standard,64,stable
C00588,Andromeda Ray,Proxima,Standard,25,occasional
C00589,Phoenix Vale,Kepler-442b,Standard,21,declining
C00590,Aria Drift,Kepler-442b,Standard,53,growing
C00591,Phoenix Star,Titan,Standard,23,declining
C00592,Stella Astro,Europa,Premium,25,declining
C00593,Rigel Lumen,Elysium,Student,31,declining
C00594,Luna Pulse,Titan,Student,40,stable
C00595,Aurora Quill,Elysium,Standard,75,stable
C00596,Andromeda Comet,Elysium,Standard,75,stable
C00597,Draco Flux,Titan,Student,33,stable
C00598,Phoenix Orbit,Kepler-442b,Student,84,declining
C00599,Phoenix Vector,Kepler-442b,Standard,34,declining
C00600,Zenith Void,Kepler-442b,Student,9,stable
C00601,Aurora Cosmos,Proxima,Business,66,occasional
C00602,Zenith Halo,Europa,Standard,64,declining
C00603,Altair Astro,Proxima,Standard,12,declining
C00604,Orion Star,Kepler-442b,Standard,16,stable
C00605,Luna Pulse,Proxima,Student,73,occasional
C00606,Lyra Comet,Elysium,Business,64,declining
C00607,Stella Astro,Proxima,Premium,58,stable
C00608,Vega Comet,Proxima,Business,55,declining
C00609,Aurora Gravity,Elysium,Standard,39,stable
C00610,Vega Vale,Europa,Premium,65,stable
C00611,Zenith Quill,Europa,Standard,83,growing
C00612,Cosmo Rune,Kepler-442b,Standard,84,stable
C00613,Lyra Zen,Kepler-442b,Standard,53,growing
C00614,Calypso Void,Kepler-442b,Premium,52,stable
C00615,Elara Drift,Proxima,Standard,36,stable
C00616,Sol Echo,Titan,Premium,22,declining
C00617,Calypso Rune,Kepler-442b,Premium,72,stable
C00618,Quasar Solace,Proxima,Premium,52,declining
C00619,Stella Halo,Europa,Premium,33,growing
C00620,Lyra Pulse,Kepler-442b,Standard,69,declining
C00621,Calypso Meteor,Proxima,Standard,60,stable
C00622,Luna Ray,Proxima,Standard,57,stable
C00623,Calypso Cosmos,Proxima,Business,83,stable
C00624,Andromeda Void,Titan,Business,11,stable
C00625,Rigel Pulse,Elysium,Standard,38,growing
C00626,Nova Lumen,Elysium,Premium,56,stable
C00627,Atlas Flux,Elysium,Premium,15,occasional
C00628,Altair Rune,Titan,Business,47,occasional
C00629,Sol Pulse,Europa,Premium,63,stable
C00630,Sol Pulse,Proxima,Premium,54,stable
C00631,Phoenix Lumen,Proxima,Standard,63,occasional
C00632,Zenith Quill,Titan,Student,41,stable
C00633,Draco Lumen,Kepler-442b,Business,32,stable
C00634,Aurora Vector,Titan,Standard,56,growing
C00635,Lyra Ray,Europa,Standard,55,declining
C00636,Quasar Nexus,Titan,Student,68,declining
C00637,Lyra Star,Elysium,Standard,70,occasional
C00638,Nova Orbit,Proxima,Business,28,declining
C00639,Astra Vale,Europa,Standard,49,declining
C00640,Sol Drift,Europa,Standard,84,occasional
C00641,Calypso Quill,Proxima,Standard,79,stable
C00642,Draco Solace,Elysium,Standard,23,declining
C00643,Sol Gravity,Kepler-442b,Standard,52,stable
C00644,Altair Ray,Proxima,Premium,29,stable
C00645,Stella Nexus,Kepler-442b,Business,4,growing
C00646,Atlas Astro,Proxima,Premium,4,stable
C00647,Andromeda Star,Titan,Standard,51,occasional
C00648,Cygnus Void,Proxima,Standard,69,declining
C00649,Elara Solace,Kepler-442b,Standard,50,growing
C00650,Andromeda Meteor,Titan,Standard,16,growing
C00651,Phoenix Void,Titan,Business,36,declining
C00652,Io Star,Proxima,Standard,33,occasional
C00653,Andromeda Pulse,Titan,Premium,6,declining
C00654,Nebula Void,Europa,Standard,7,growing
C00655,Altair Ray,Titan,Student,31,declining
C00656,Io Zen,Titan,Standard,24,declining
C00657,Rigel Orbit,Titan,Standard,19,declining
C00658,Aurora Halo,Proxima,Business,45,declining
C00659,Astra Drift,Proxima,Student,42,stable
C00660,Phoenix Drift,Titan,Premium,62,occasional
C00661,Draco Vale,Elysium,Premium,82,stable
C00662,Cosmo Nexus,Kepler-442b,Business,51,growing
C00663,Stella Vale,Proxima,Standard,28,stable
C00664,Altair Vector,Proxima,Standard,26,declining
C00665,Draco Comet,Proxima,Standard,10,stable
C00666,Sol Ray,Proxima,Premium,23,growing
C00667,Quasar Vex,Proxima,Premium,84,stable
C00668,Stella Zen,Europa,Standard,71,stable
C00669,Zenith Quill,Titan,Student,70,stable
C00670,Calypso Quill,Proxima,Standard,47,stable
C00671,Vega Pulse,Elysium,Premium,24,stable
C00672,Orion Star,Titan,Standard,69,growing
C00673,Phoenix Cosmos,Proxima,Standard,65,stable
C00674,Cosmo Orbit,Europa,Standard,31,declining
C00675,Atlas Ray,Kepler-442b,Premium,24,stable
C00676,Titan Astro,Kepler-442b,Standard,84,stable
C00677,Rigel Meteor,Kepler-442b,Premium,9,declining
C00678,Io Quill,Kepler-442b,Premium,56,stable
C00679,Vega Halo,Titan,Standard,22,stable
C00680,Calypso Astro,Kepler-442b,Standard,15,declining
C00681,Sol Meteor,Elysium,Student,56,declining
C00682,Vega Nexus,Elysium,Standard,17,declining
C00683,Draco Ray,Elysium,Standard,36,declining
C00684,Cosmo Drift,Europa,Standard,8,growing
C00685,Cosmo Lumen,Europa,Standard,3,stable
C00686,Lyra Rune,Elysium,Premium,22,occasional
C00687,Quasar Nexus,Kepler-442b,Student,15,occasional
C00688,Io Echo,Europa,Business,40,stable
C00689,Orion Rune,Proxima,Business,40,stable
C00690,Calypso Comet,Europa,Student,15,occasional
C00691,Orion Quill,Proxima,Premium,24,stable
C00692,Cygnus Meteor,Titan,Business,14,stable
C00693,Phoenix Orbit,Kepler-442b,Standard,61,stable
C00694,Elara Lumen,Europa,Student,24,stable
C00695,Titan Gravity,Kepler-442b,Business,23,stable
C00696,Altair Zen,Elysium,Premium,26,growing
C00697,Quasar Drift,Elysium,Standard,19,growing
C00698,Draco Rune,Europa,Standard,11,stable
C00699,Phoenix Quill,Elysium,Student,76,declining
C00700,Astra Spectra,Titan,Standard,82,stable
C00701,Calypso Gravity,Proxima,Standard,52,stable
C00702,Rigel Meteor,Kepler-442b,Standard,23,growing
C00703,Draco Zen,Proxima,Standard,65,stable
C00704,Phoenix Void,Kepler-442b,Standard,73,growing
C00705,Elara Echo,Kepler-442b,Standard,76,stable
C00706,Draco Vector,Titan,Standard,66,declining
C00707,Nova Rune,Europa,Standard,74,growing
C00708,Lyra Meteor,Elysium,Premium,68,growing
C00709,Io Spectra,Europa,Business,49,declining
C00710,Astra Vector,Titan,Premium,82,growing
C00711,Titan Spectra,Titan,Student,17,stable
C00712,Calypso Echo,Kepler-442b,Standard,84,occasional
C00713,Nebula Halo,Elysium,Standard,16,stable
C00714,Luna Zen,Proxima,Student,55,stable
C00715,Andromeda Ray,Proxima,Standard,53,stable
C00716,Cosmo Lumen,Titan,Standard,56,stable
C00717,Io Spectra,Elysium,Standard,60,growing
C00718,Altair Nexus,Proxima,Business,3,growing
C00719,Orion Halo,Europa,Student,64,occasional
C00720,Quasar Orbit,Elysium,Standard,19,stable
C00721,Calypso Meteor,Elysium,Business,67,occasional
C00722,Stella Meteor,Proxima,Standard,46,occasional
C00723,Cygnus Flux,Proxima,Standard,68,stable
C00724,Titan Halo,Titan,Student,73,growing
C00725,Cosmo Ray,Elysium,Student,47,occasional
C00726,Atlas Lumen,Proxima,Standard,84,stable
C00727,Vega Drift,Elysium,Standard,76,occasional
C00728,Titan Cosmos,Elysium,Standard,57,declining
C00729,Aria Rune,Kepler-442b,Standard,9,declining
C00730,Cosmo Void,Proxima,Business,35,stable
C00731,Orion Lumen,Titan,Standard,72,stable
C00732,Cygnus Rune,Elysium,Business,74,occasional
C00733,Aurora Astro,Elysium,Standard,68,declining
C00734,Titan Star,Kepler-442b,Business,52,stable
C00735,Calypso Comet,Elysium,Standard,35,stable
C00736,Quasar Vector,Proxima,Business,50,declining
C00737,Rigel Gravity,Elysium,Standard,27,stable
C00738,Luna Spectra,Kepler-442b,Standard,25,declining
C00739,Vega Pulse,Kepler-442b,Standard,74,stable
C00740,Luna Solace,Titan,Standard,62,declining
C00741,Atlas Vale,Proxima,Business,79,stable
C00742,Io Meteor,Titan,Standard,76,growing
C00743,Lyra Lumen,Titan,Standard,26,growing
C00744,Aria Orbit,Europa,Standard,54,stable
C00745,Astra Ray,Titan,Standard,40,stable
C00746,Quasar Meteor,Elysium,Standard,74,declining
C00747,Io Quill,Kepler-442b,Premium,60,stable
C00748,Io Meteor,Elysium,Standard,8,declining
C00749,Phoenix Pulse,Kepler-442b,Standard,72,declining
C00750,Nova Nexus,Titan,Standard,68,stable
C00751,Orion Star,Proxima,Standard,13,occasional
C00752,Luna Halo,Elysium,Standard,11,stable
C00753,Io Ray,Europa,Student,29,growing
C00754,Titan Gravity,Europa,Premium,12,declining
C00755,Atlas Quill,Europa,Student,7,stable
C00756,Orion Orbit,Titan,Premium,76,declining
C00757,Sol Cosmos,Europa,Standard,54,stable
C00758,Nova Pulse,Kepler-442b,Standard,82,stable
C00759,Aurora Solace,Kepler-442b,Student,12,stable
C00760,Aria Rune,Titan,Student,41,growing
C00761,Nebula Vector,Europa,Standard,6,growing
C00762,Rigel Echo,Proxima,Student,72,stable
C00763,Io Flux,Titan,Premium,50,occasional
C00764,Nova Halo,Elysium,Standard,8,stable
C00765,Andromeda Pulse,Elysium,Standard,13,stable
C00766,Aurora Gravity,Titan,Standard,68,stable
C00767,Luna Echo,Elysium,Student,27,stable
C00768,Calypso Solace,Kepler-442b,Business,73,growing
C00769,Rigel Vex,Titan,Premium,35,stable
C00770,Aurora Solace,Europa,Business,48,stable
C00771,Io Echo,Kepler-442b,Standard,11,occasional
C00772,Phoenix Zen,Europa,Standard,42,declining
C00773,Atlas Solace,Elysium,Standard,43,occasional
C00774,Luna Quill,Titan,Standard,31,declining
C00775,Io Cosmos,Titan,Student,20,declining
C00776,Phoenix Zen,Europa,Standard,42,growing
C00777,Vega Orbit,Elysium,Standard,38,occasional
C00778,Atlas Halo,Proxima,Standard,83,stable
C00779,Lyra Quill,Elysium,Premium,77,growing
C00780,Quasar Solace,Proxima,Business,73,stable
C00781,Rigel Zen,Proxima,Standard,31,occasional
C00782,Altair Gravity,Titan,Standard,67,growing
C00783,Elara Drift,Elysium,Standard,33,declining
C00784,Andromeda Spectra,Proxima,Student,20,stable
C00785,Luna Solace,Elysium,Premium,21,declining
C00786,Draco Drift,Kepler-442b,Standard,65,stable
C00787,Sol Drift,Proxima,Standard,29,growing
C00788,Zenith Pulse,Europa,Business,8,stable
C00789,Io Comet,Kepler-442b,Student,69,growing
C00790,Sol Gravity,Titan,Premium,75,stable
C00791,Io Pulse,Titan,Premium,12,growing
C00792,Elara Echo,Elysium,Standard,47,growing
C00793,Draco Meteor,Kepler-442b,Standard,20,stable
C00794,Astra Vex,Elysium,Premium,30,stable
C00795,Luna Drift,Elysium,Student,18,declining
C00796,Stella Comet,Kepler-442b,Standard,64,growing
C00797,Altair Orbit,Europa,Standard,8,stable
C00798,Altair Orbit,Proxima,Premium,8,occasional
C00799,Atlas Vale,Proxima,Standard,26,growing
C00800,Elara Meteor,Elysium,Premium,39,occasional
C00801,Cosmo Vector,Elysium,Business,64,stable
C00802,Stella Meteor,Proxima,Student,26,growing
C00803,Aria Void,Proxima,Student,46,occasional
C00804,Andromeda Solace,Kepler-442b,Standard,52,stable
C00805,Nova Ray,Elysium,Business,67,declining
C00806,Atlas Meteor,Kepler-442b,Standard,81,growing
C00807,Rigel Nexus,Kepler-442b,Standard,19,occasional
C00808,Rigel Quill,Europa,Standard,50,occasional
C00809,Titan Nexus,Europa,Standard,64,declining
C00810,Elara Drift,Elysium,Student,76,stable
C00811,Atlas Void,Europa,Student,13,stable
C00812,Rigel Cosmos,Titan,Standard,3,growing
C00813,Vega Nexus,Kepler-442b,Standard,29,declining
C00814,Phoenix Cosmos,Titan,Standard,57,declining
C00815,Sol Void,Elysium,Standard,49,growing
C00816,Calypso Pulse,Proxima,Standard,74,growing
C00817,Zenith Halo,Elysium,Standard,42,growing
C00818,Quasar Lumen,Europa,Student,18,declining
C00819,Cygnus Lumen,Proxima,Standard,68,stable
C00820,Phoenix Halo,Elysium,Premium,9,stable
C00821,Io Quill,Kepler-442b,Student,63,occasional
C00822,Stella Vex,Kepler-442b,Standard,50,stable
C00823,Orion Gravity,Europa,Business,54,growing
C00824,Aria Star,Elysium,Standard,25,growing
C00825,Cygnus Quill,Proxima,Business,69,stable
C00826,Orion Meteor,Elysium,Standard,32,growing
C00827,Calypso Vale,Titan,Standard,3,occasional
C00828,Lyra Void,Europa,Standard,53,stable
C00829,Cosmo Nexus,Kepler-442b,Student,11,occasional
C00830,Rigel Star,Elysium,Business,47,stable
C00831,Sol Echo,Elysium,Business,61,occasional
C00832,Altair Quill,Titan,Standard,67,stable
C00833,Lyra Nexus,Titan,Standard,17,declining
C00834,Sol Halo,Elysium,Standard,59,occasional
C00835,Altair Zen,Proxima,Student,61,declining
C00836,Altair Quill,Europa,Standard,11,stable
C00837,Astra Spectra,Proxima,Student,55,occasional
C00838,Aria Halo,Kepler-442b,Student,36,stable
C00839,Lyra Pulse,Titan,Standard,25,growing
C00840,Zenith Ray,Elysium,Standard,27,growing
C00841,Cosmo Echo,Proxima,Business,29,stable
C00842,Astra Meteor,Titan,Standard,16,stable
C00843,Lyra Spectra,Europa,Premium,72,occasional
C00844,Draco Drift,Elysium,Standard,76,occasional
C00845,Draco Orbit,Elysium,Standard,31,declining
C00846,Atlas Vale,Elysium,Student,64,occasional
C00847,Orion Nexus,Titan,Standard,25,growing
C00848,Vega Lumen,Elysium,Standard,4,stable
C00849,Cosmo Pulse,Elysium,Standard,49,growing
C00850,Sol Orbit,Elysium,Standard,37,growing
C00851,Andromeda Comet,Titan,Standard,57,stable
C00852,Titan Drift,Titan,Business,38,growing
C00853,Altair Flux,Elysium,Premium,15,declining
C00854,Astra Halo,Europa,Business,28,stable
C00855,Aurora Flux,Europa,Student,25,stable
C00856,Atlas Astro,Elysium,Standard,43,declining
C00857,Nebula Void,Elysium,Business,9,stable
C00858,Titan Orbit,Kepler-442b,Standard,35,growing
C00859,Io Rune,Europa,Student,36,stable
C00860,Rigel Halo,Titan,Standard,55,stable
C00861,Calypso Meteor,Proxima,Premium,71,stable
C00862,Quasar Star,Titan,Standard,68,growing
C00863,Aurora Vector,Kepler-442b,Standard,39,growing
C00864,Atlas Orbit,Titan,Standard,81,growing
C00865,Lyra Vex,Proxima,Standard,43,stable
C00866,Nebula Lumen,Titan,Premium,53,stable
C00867,Cygnus Drift,Elysium,Standard,60,stable
C00868,Luna Quill,Proxima,Student,35,occasional
C00869,Titan Gravity,Kepler-442b,Standard,53,stable
C00870,Lyra Zen,Elysium,Standard,53,growing
C00871,Lyra Rune,Titan,Premium,13,declining
C00872,Elara Star,Proxima,Standard,39,stable
C00873,Atlas Flux,Elysium,Student,6,stable
C00874,Zenith Comet,Europa,Standard,72,occasional
C00875,Rigel Vector,Proxima,Business,72,stable
C00876,Andromeda Vector,Elysium,Standard,84,growing
C00877,Nebula Drift,Europa,Standard,14,stable
C00878,Zenith Cosmos,Titan,Standard,4,stable
C00879,Quasar Flux,Titan,Standard,71,stable
C00880,Draco Zen,Titan,Standard,58,declining
C00881,Andromeda Echo,Kepler-442b,Standard,27,stable
C00882,Rigel Cosmos,Europa,Standard,52,declining
C00883,Astra Void,Kepler-442b,Standard,33,growing
C00884,Andromeda Lumen,Titan,Standard,71,declining
C00885,Stella Ray,Kepler-442b,Standard,40,stable
C00886,Cygnus Meteor,Europa,Standard,82,growing
C00887,Phoenix Quill,Proxima,Standard,71,stable
C00888,Vega Star,Titan,Standard,59,declining
C00889,Astra Vex,Proxima,Standard,30,stable
C00890,Nebula Zen,Titan,Standard,7,stable
C00891,Quasar Flux,Kepler-442b,Standard,53,stable
C00892,Draco Orbit,Proxima,Business,35,declining
C00893,Nova Rune,Proxima,Standard,59,stable
C00894,Orion Ray,Europa,Student,15,growing
C00895,Cosmo Zen,Europa,Premium,42,occasional
C00896,Luna Astro,Kepler-442b,Student,73,growing
C00897,Sol Zen,Titan,Standard,9,occasional
C00898,Cosmo Rune,Proxima,Premium,44,stable
C00899,Sol Solace,Kepler-442b,Standard,34,stable
C00900,Orion Solace,Europa,Premium,22,stable
C00901,Lyra Echo,Proxima,Standard,82,stable
C00902,Quasar Astro,Kepler-442b,Standard,22,declining
C00903,Vega Flux,Europa,Standard,74,declining
C00904,Quasar Drift,Europa,Student,5,declining
C00905,Zenith Gravity,Proxima,Standard,8,growing
C00906,Cygnus Halo,Titan,Standard,65,stable
C00907,Luna Halo,Titan,Standard,62,stable
C00908,Andromeda Halo,Proxima,Standard,22,stable
C00909,Sol Halo,Titan,Standard,84,growing
C00910,Aurora Orbit,Kepler-442b,Premium,49,declining
C00911,Astra Comet,Kepler-442b,Premium,71,declining
C00912,Cosmo Nexus,Europa,Student,22,growing
C00913,Phoenix Cosmos,Titan,Standard,69,declining
C00914,Orion Flux,Proxima,Business,28,stable
C00915,Cosmo Rune,Kepler-442b,Premium,52,declining
C00916,Aria Meteor,Elysium,Standard,49,stable
C00917,Titan Vex,Kepler-442b,Business,29,declining
C00918,Lyra Vector,Kepler-442b,Standard,56,declining
C00919,Titan Vale,Elysium,Standard,8,declining
C00920,Nebula Vex,Proxima,Business,15,stable
C00921,Astra Halo,Europa,Standard,70,declining
C00922,Altair Astro,Proxima,Premium,74,stable
C00923,Vega Astro,Elysium,Standard,61,declining
C00924,Stella Rune,Proxima,Student,73,stable
C00925,Phoenix Spectra,Proxima,Standard,79,stable
C00926,Zenith Comet,Elysium,Business,44,declining
C00927,Stella Astro,Europa,Student,44,growing
C00928,Altair Halo,Proxima,Standard,73,occasional
C00929,Sol Drift,Europa,Standard,53,stable
C00930,Orion Star,Elysium,Standard,20,occasional
C00931,Nebula Quill,Titan,Business,30,occasional
C00932,Nova Lumen,Titan,Business,68,growing
C00933,Altair Flux,Kepler-442b,Standard,48,stable
C00934,Sol Drift,Elysium,Standard,35,declining
C00935,Lyra Solace,Europa,Premium,30,declining
C00936,Aurora Comet,Europa,Standard,76,declining
C00937,Vega Meteor,Titan,Standard,76,stable
C00938,Quasar Vale,Titan,Standard,58,stable
C00939,Vega Echo,Elysium,Business,84,declining
C00940,Elara Vale,Titan,Standard,43,growing
C00941,Atlas Comet,Elysium,Premium,22,stable
C00942,Aurora Pulse,Europa,Student,76,growing
C00943,Astra Cosmos,Titan,Student,21,stable
C00944,Lyra Zen,Elysium,Student,73,stable
C00945,Lyra Pulse,Elysium,Standard,19,declining
C00946,Draco Halo,Proxima,Standard,76,stable
C00947,Andromeda Gravity,Elysium,Standard,12,stable
C00948,Stella Comet,Elysium,Standard,55,stable
C00949,Zenith Ray,Titan,Standard,6,declining
C00950,Luna Drift,Elysium,Student,59,growing
C00951,Cygnus Vale,Proxima,Standard,50,stable
C00952,Aurora Vex,Kepler-442b,Student,34,occasional
C00953,Atlas Star,Kepler-442b,Standard,17,stable
C00954,Draco Quill,Titan,Standard,71,stable
C00955,Rigel Nexus,Titan,Standard,82,declining
C00956,Atlas Lumen,Kepler-442b,Standard,70,stable
C00957,Luna Vale,Titan,Standard,82,stable
C00958,Cygnus Astro,Kepler-442b,Standard,37,declining
C00959,Calypso Drift,Kepler-442b,Standard,52,stable
C00960,Elara Nexus,Kepler-442b,Business,65,occasional
C00961,Rigel Vex,Proxima,Standard,61,growing
C00962,Titan Quill,Kepler-442b,Standard,70,stable
C00963,Draco Pulse,Proxima,Standard,48,stable
C00964,Nebula Echo,Elysium,Standard,10,growing
C00965,Elara Quill,Elysium,Business,31,stable
C00966,Elara Spectra,Proxima,Standard,51,growing
C00967,Calypso Meteor,Proxima,Standard,76,stable
C00968,Nebula Meteor,Titan,Standard,19,stable
C00969,Atlas Solace,Elysium,Premium,28,occasional
C00970,Nebula Lumen,Elysium,Business,58,occasional
C00971,Quasar Flux,Elysium,Business,43,stable
C00972,Rigel Gravity,Kepler-442b,Standard,21,declining
C00973,Quasar Comet,Europa,Business,41,stable
C00974,Io Gravity,Titan,Standard,27,stable
C00975,Luna Quill,Elysium,Premium,80,growing
C00976,Astra Meteor,Proxima,Standard,6,stable
C00977,Titan Zen,Proxima,Standard,80,growing
C00978,Io Drift,Proxima,Business,65,growing
C00979,Luna Ray,Proxima,Standard,4,occasional
C00980,Stella Echo,Proxima,Student,11,stable
C00981,Cygnus Meteor,Europa,Premium,61,occasional
C00982,Stella Pulse,Kepler-442b,Premium,51,declining
C00983,Elara Meteor,Elysium,Premium,70,growing
C00984,Titan Vale,Elysium,Standard,61,declining
C00985,Orion Echo,Elysium,Standard,8,growing
C00986,Aria Astro,Kepler-442b,Standard,59,stable
C00987,Nebula Star,Europa,Standard,40,growing
C00988,Orion Lumen,Elysium,Business,62,declining
C00989,Cygnus Vex,Elysium,Standard,77,occasional
C00990,Titan Halo,Proxima,Standard,44,growing
C00991,Luna Vector,Elysium,Business,28,occasional
C00992,Lyra Void,Titan,Premium,23,declining
C00993,Vega Vex,Kepler-442b,Student,84,stable
C00994,Aria Lumen,Europa,Student,68,growing
C00995,Luna Pulse,Elysium,Standard,24,occasional
C00996,Altair Spectra,Proxima,Standard,21,stable
C00997,Titan Vale,Europa,Standard,60,stable
C00998,Luna Rune,Proxima,Business,3,growing
C00999,Sol Quill,Europa,Standard,66,growing
C01000,Nova Meteor,Europa,Standard,78,declining
C01001,Cygnus Cosmos,Europa,Standard,79,stable
C01002,Rigel Void,Elysium,Premium,29,stable
C01003,Atlas Vale,Titan,Standard,7,declining
C01004,Andromeda Star,Titan,Business,9,stable
C01005,Luna Orbit,Titan,Premium,79,growing
C01006,Rigel Orbit,Europa,Student,49,occasional
C01007,Lyra Star,Titan,Standard,51,declining
C01008,Quasar Cosmos,Elysium,Standard,63,stable
C01009,Titan Void,Titan,Standard,70,stable
C01010,Cosmo Meteor,Kepler-442b,Standard,83,growing
C01011,Lyra Zen,Elysium,Business,39,stable
C01012,Phoenix Void,Elysium,Premium,82,stable
C01013,Atlas Meteor,Elysium,Standard,83,growing
C01014,Luna Meteor,Proxima,Student,27,stable
C01015,Nova Vector,Kepler-442b,Student,29,declining
C01016,Stella Cosmos,Kepler-442b,Standard,74,declining
C01017,Cosmo Quill,Proxima,Premium,35,declining
C01018,Nebula Star,Elysium,Standard,3,stable
C01019,Phoenix Comet,Europa,Student,81,occasional
C01020,Luna Ray,Titan,Student,64,occasional
C01021,Orion Astro,Proxima,Standard,83,growing
C01022,Rigel Comet,Europa,Student,55,occasional
C01023,Orion Nexus,Titan,Premium,43,growing
C01024,Nova Ray,Elysium,Premium,48,stable
C01025,Atlas Void,Kepler-442b,Standard,51,growing
C01026,Luna Solace,Elysium,Standard,79,stable
C01027,Quasar Star,Titan,Student,37,stable
C01028,Draco Echo,Titan,Standard,41,stable
C01029,Nebula Orbit,Kepler-442b,Standard,7,declining
C01030,Lyra Vector,Elysium,Standard,64,occasional
C01031,Atlas Ray,Titan,Business,70,stable
C01032,Phoenix Flux,Kepler-442b,Student,69,declining
C01033,Atlas Ray,Kepler-442b,Standard,69,stable
C01034,Nebula Vale,Elysium,Business,45,growing
C01035,Orion Rune,Elysium,Student,42,stable
C01036,Quasar Star,Proxima,Standard,27,stable
C01037,Rigel Comet,Europa,Premium,37,stable
C01038,Sol Rune,Kepler-442b,Business,74,growing
C01039,Cosmo Halo,Titan,Standard,37,stable
C01040,Titan Star,Elysium,Standard,12,stable
C01041,Phoenix Halo,Europa,Standard,6,growing
C01042,Calypso Vale,Kepler-442b,Standard,14,stable
C01043,Luna Lumen,Elysium,Business,83,declining
C01044,Titan Vector,Elysium,Standard,45,declining
C01045,Titan Spectra,Elysium,Standard,62,growing
C01046,Lyra Lumen,Europa,Standard,42,declining
C01047,Titan Vector,Europa,Standard,31,stable
C01048,Andromeda Void,Titan,Standard,45,declining
C01049,Phoenix Vector,Europa,Standard,63,stable
C01050,Draco Vector,Proxima,Standard,47,growing
C01051,Atlas Nexus,Kepler-442b,Standard,16,stable
C01052,Io Vex,Titan,Standard,54,growing
C01053,Astra Meteor,Proxima,Standard,64,stable
C01054,Phoenix Ray,Elysium,Standard,58,growing
C01055,Phoenix Halo,Proxima,Standard,12,declining
C01056,Titan Solace,Europa,Standard,79,growing
C01057,Rigel Rune,Europa,Standard,54,stable
C01058,Vega Spectra,Elysium,Student,51,stable
C01059,Io Spectra,Kepler-442b,Standard,20,occasional
C01060,Quasar Astro,Kepler-442b,Student,22,growing
C01061,Nebula Pulse,Elysium,Premium,28,stable
C01062,Phoenix Star,Elysium,Student,41,occasional
C01063,Stella Lumen,Titan,Business,77,stable
C01064,Aria Pulse,Proxima,Business,10,stable
C01065,Rigel Vale,Kepler-442b,Student,48,stable
C01066,Nebula Quill,Proxima,Standard,78,stable
C01067,Phoenix Lumen,Europa,Standard,58,growing
C01068,Calypso Orbit,Europa,Standard,74,stable
C01069,Zenith Cosmos,Proxima,Standard,19,stable
C01070,Lyra Astro,Kepler-442b,Standard,65,declining
C01071,Atlas Vex,Proxima,Premium,56,occasional
C01072,Titan Meteor,Europa,Premium,61,growing
C01073,Rigel Vector,Europa,Standard,26,stable
C01074,Nova Solace,Europa,Student,33,declining
C01075,Sol Cosmos,Elysium,Premium,7,occasional
C01076,Altair Zen,Titan,Standard,64,occasional
C01077,Lyra Flux,Elysium,Business,38,growing
C01078,Lyra Nexus,Elysium,Standard,63,growing
C01079,Calypso Spectra,Kepler-442b,Premium,72,declining
C01080,Nebula Meteor,Kepler-442b,Business,71,declining
C01081,Draco Vector,Elysium,Business,76,declining
C01082,Stella Drift,Titan,Standard,7,declining
C01083,Andromeda Gravity,Titan,Student,75,stable
C01084,Io Zen,Elysium,Standard,9,declining
C01085,Nebula Gravity,Elysium,Standard,65,stable
C01086,Aria Vex,Titan,Standard,81,stable
C01087,Sol Quill,Kepler-442b,Premium,78,declining
C01088,Calypso Vector,Titan,Student,36,declining
C01089,Astra Zen,Proxima,Student,7,stable
C01090,Lyra Flux,Elysium,Business,22,declining
C01091,Quasar Cosmos,Europa,Standard,59,declining
C01092,Luna Ray,Elysium,Student,47,stable
C01093,Sol Rune,Kepler-442b,Standard,54,growing
C01094,Draco Gravity,Elysium,Standard,52,growing
C01095,Atlas Nexus,Europa,Standard,60,stable
C01096,Phoenix Nexus,Kepler-442b,Standard,71,growing
C01097,Stella Meteor,Titan,Standard,37,declining
C01098,Sol Astro,Elysium,Standard,33,declining
C01099,Altair Ray,Elysium,Standard,26,stable
C01100,Nova Spectra,Kepler-442b,Student,4,stable
C01101,Aria Rune,Europa,Standard,39,stable
C01102,Orion Quill,Elysium,Standard,79,declining
C01103,Cosmo Meteor,Kepler-442b,Student,18,stable
C01104,Andromeda Flux,Europa,Premium,75,declining
C01105,Luna Rune,Proxima,Standard,62,declining
C01106,Lyra Astro,Europa,Business,38,declining
C01107,Titan Spectra,Titan,Standard,12,stable
C01108,Orion Pulse,Europa,Standard,10,stable
C01109,Sol Orbit,Europa,Standard,28,growing
C01110,Luna Astro,Europa,Standard,72,declining
C01111,Cosmo Meteor,Kepler-442b,Business,36,stable
C01112,Lyra Vex,Elysium,Student,60,stable
C01113,Draco Flux,Kepler-442b,Business,52,stable
C01114,Titan Comet,Europa,Premium,68,declining
C01115,Quasar Zen,Europa,Standard,11,growing
C01116,Nova Pulse,Europa,Standard,71,occasional
C01117,Zenith Comet,Titan,Standard,83,occasional
C01118,Io Vex,Titan,Standard,46,stable
C01119,Cygnus Star,Proxima,Standard,8,occasional
C01120,Calypso Ray,Titan,Premium,16,growing
C01121,Zenith Zen,Kepler-442b,Business,59,declining
C01122,Atlas Vale,Proxima,Standard,78,stable
C01123,Elara Vex,Elysium,Premium,66,growing
C01124,Cygnus Quill,Kepler-442b,Standard,46,declining
C01125,Orion Pulse,Kepler-442b,Standard,69,growing
C01126,Calypso Halo,Proxima,Student,32,occasional
C01127,Orion Gravity,Proxima,Standard,5,growing
C01128,Andromeda Vale,Proxima,Student,19,stable
C01129,Io Vale,Titan,Student,15,growing
C01130,Luna Solace,Kepler-442b,Student,16,stable
C01131,Andromeda Meteor,Proxima,Standard,28,stable
C01132,Aurora Spectra,Europa,Standard,76,growing
C01133,Phoenix Ray,Kepler-442b,Premium,45,stable
C01134,Sol Flux,Europa,Standard,50,growing
C01135,Cygnus Echo,Elysium,Standard,15,declining
C01136,Io Meteor,Europa,Student,5,occasional
C01137,Lyra Quill,Kepler-442b,Standard,14,declining
C01138,Altair Star,Europa,Premium,63,declining
C01139,Cosmo Flux,Titan,Standard,55,stable
C01140,Luna Meteor,Kepler-442b,Premium,66,growing
C01141,Lyra Astro,Titan,Standard,3,growing
C01142,Cosmo Rune,Elysium,Business,82,stable
C01143,Quasar Halo,Elysium,Standard,83,declining
C01144,Sol Vale,Proxima,Standard,22,declining
C01145,Draco Zen,Proxima,Standard,8,stable
C01146,Zenith Star,Proxima,Standard,45,growing
C01147,Quasar Vector,Kepler-442b,Standard,9,occasional
C01148,Luna Orbit,Kepler-442b,Standard,17,stable
C01149,Astra Gravity,Europa,Premium,44,stable
C01150,Aurora Spectra,Titan,Standard,17,stable
C01151,Vega Echo,Europa,Business,51,occasional
C01152,Lyra Zen,Elysium,Standard,58,stable
C01153,Andromeda Vector,Proxima,Standard,20,growing
C01154,Cosmo Astro,Titan,Business,28,stable
C01155,Orion Lumen,Elysium,Standard,20,stable
C01156,Cygnus Vector,Europa,Standard,46,stable
C01157,Nebula Meteor,Proxima,Student,84,occasional
C01158,Luna Solace,Elysium,Business,14,stable
C01159,Aria Zen,Proxima,Premium,62,stable
C01160,Aurora Cosmos,Proxima,Standard,58,growing
C01161,Altair Flux,Elysium,Business,56,occasional
C01162,Orion Zen,Elysium,Standard,70,stable
C01163,Titan Rune,Europa,Standard,13,growing
C01164,Nova Lumen,Europa,Business,19,stable
C01165,Astra Astro,Kepler-442b,Standard,42,stable
C01166,Cygnus Solace,Elysium,Standard,61,growing
C01167,Atlas Lumen,Europa,Standard,50,growing
C01168,Titan Astro,Kepler-442b,Business,12,stable
C01169,Titan Comet,Elysium,Standard,57,declining
C01170,Titan Meteor,Elysium,Premium,29,declining
C01171,Lyra Meteor,Titan,Student,10,growing
C01172,Calypso Drift,Kepler-442b,Standard,49,growing
C01173,Orion Drift,Titan,Standard,74,declining
C01174,Rigel Lumen,Proxima,Standard,45,stable
C01175,Vega Astro,Europa,Student,77,occasional
C01176,Titan Ray,Proxima,Standard,37,growing
C01177,Stella Void,Kepler-442b,Standard,47,growing
C01178,Aria Nexus,Kepler-442b,Standard,71,declining
C01179,Rigel Star,Europa,Premium,11,stable
C01180,Cygnus Vex,Kepler-442b,Standard,25,stable
C01181,Lyra Rune,Proxima,Standard,21,growing
C01182,Cosmo Nexus,Kepler-442b,Standard,72,occasional
C01183,Draco Drift,Europa,Standard,5,stable
C01184,Lyra Quill,Proxima,Student,69,growing
C01185,Stella Solace,Titan,Premium,44,growing
C01186,Calypso Lumen,Elysium,Student,59,growing
C01187,Altair Flux,Titan,Standard,36,stable
C01188,Zenith Star,Kepler-442b,Standard,39,growing
C01189,Luna Meteor,Proxima,Student,39,stable
C01190,Luna Lumen,Proxima,Standard,17,stable
C01191,Phoenix Solace,Proxima,Standard,50,stable
C01192,Rigel Lumen,Kepler-442b,Premium,47,stable
C01193,Cygnus Halo,Proxima,Standard,18,occasional
C01194,Elara Zen,Proxima,Business,43,stable
C01195,Aurora Halo,Elysium,Standard,40,growing
C01196,Nebula Solace,Proxima,Student,59,stable
C01197,Vega Gravity,Europa,Business,20,declining
C01198,Vega Star,Kepler-442b,Standard,31,stable
C01199,Lyra Comet,Kepler-442b,Premium,27,growing
C01200,Astra Void,Proxima,Standard,71,declining
C01201,Calypso Spectra,Kepler-442b,Business,53,stable
C01202,Phoenix Meteor,Elysium,Standard,10,occasional
C01203,Zenith Pulse,Proxima,Student,57,stable
C01204,Zenith Quill,Titan,Standard,42,occasional
C01205,Rigel Vex,Proxima,Student,59,declining
C01206,Stella Vector,Titan,Standard,57,declining
C01207,Stella Flux,Elysium,Premium,21,stable
C01208,Draco Nexus,Titan,Standard,78,declining
C01209,Lyra Quill,Europa,Premium,37,stable
C01210,Rigel Vector,Elysium,Student,20,stable
C01211,Elara Star,Elysium,Standard,41,declining
C01212,Nebula Zen,Elysium,Student,31,stable
C01213,Nova Flux,Titan,Standard,84,declining
C01214,Draco Rune,Titan,Standard,65,occasional
C01215,Io Echo,Kepler-442b,Standard,38,growing
C01216,Lyra Meteor,Titan,Premium,75,stable
C01217,Sol Astro,Europa,Business,18,stable
C01218,Aurora Solace,Kepler-442b,Student,23,growing
C01219,Atlas Comet,Europa,Business,20,stable
C01220,Orion Void,Titan,Standard,48,stable
C01221,Nebula Nexus,Kepler-442b,Standard,83,stable
C01222,Vega Meteor,Proxima,Standard,43,declining
C01223,Calypso Star,Titan,Premium,49,stable
C01224,Altair Drift,Proxima,Standard,69,stable
C01225,Quasar Zen,Europa,Standard,23,stable
C01226,Atlas Nexus,Proxima,Student,74,growing
C01227,Aria Halo,Elysium,Student,17,stable
C01228,Lyra Rune,Proxima,Business,64,stable
C01229,Titan Drift,Proxima,Student,79,growing
C01230,Phoenix Orbit,Titan,Standard,18,stable
C01231,Titan Flux,Proxima,Standard,29,stable
C01232,Lyra Cosmos,Kepler-442b,Standard,64,declining
C01233,Orion Ray,Kepler-442b,Standard,68,growing
C01234,Draco Rune,Titan,Standard,41,declining
C01235,Quasar Rune,Kepler-442b,Business,29,growing
C01236,Cosmo Orbit,Titan,Standard,21,declining
C01237,Sol Solace,Titan,Standard,67,declining
C01238,Andromeda Echo,Elysium,Premium,15,declining
C01239,Quasar Quill,Elysium,Standard,27,occasional
C01240,Luna Halo,Kepler-442b,Business,15,occasional
C01241,Aria Lumen,Europa,Standard,78,stable
C01242,Calypso Rune,Proxima,Student,51,stable
C01243,Aria Echo,Europa,Standard,43,stable
C01244,Vega Nexus,Proxima,Standard,49,declining
C01245,Rigel Gravity,Kepler-442b,Standard,66,stable
C01246,Nebula Vector,Elysium,Student,59,stable
C01247,Stella Star,Europa,Standard,11,occasional
C01248,Draco Spectra,Titan,Standard,65,declining
C01249,Elara Vector,Elysium,Premium,13,stable
C01250,Elara Pulse,Elysium,Business,24,stable
C01251,Cosmo Comet,Proxima,Premium,54,stable
C01252,Stella Gravity,Europa,Standard,77,growing
C01253,Quasar Astro,Europa,Standard,80,occasional
C01254,Draco Nexus,Titan,Standard,61,stable
C01255,Sol Zen,Europa,Standard,20,stable
C01256,Aurora Vale,Kepler-442b,Standard,6,occasional
C01257,Elara Meteor,Titan,Standard,82,growing
C01258,Quasar Vex,Elysium,Student,62,stable
C01259,Calypso Zen,Europa,Standard,72,stable
C01260,Rigel Halo,Kepler-442b,Business,7,occasional
C01261,Vega Pulse,Europa,Standard,51,stable
C01262,Orion Vale,Proxima,Premium,41,occasional
C01263,Luna Zen,Europa,Standard,52,growing
C01264,Vega Solace,Europa,Premium,72,growing
C01265,Draco Halo,Proxima,Standard,53,stable
C01266,Altair Pulse,Elysium,Premium,39,stable
C01267,Nova Solace,Kepler-442b,Standard,49,stable
C01268,Aurora Solace,Kepler-442b,Student,83,stable
C01269,Vega Cosmos,Titan,Business,55,stable
C01270,Calypso Echo,Proxima,Standard,42,growing
C01271,Titan Vex,Titan,Standard,24,stable
C01272,Phoenix Vale,Europa,Premium,57,growing
C01273,Stella Void,Kepler-442b,Premium,78,stable
C01274,Phoenix Pulse,Elysium,Standard,76,stable
C01275,Draco Rune,Proxima,Standard,67,declining
C01276,Calypso Comet,Proxima,Premium,49,occasional
C01277,Cosmo Zen,Kepler-442b,Student,71,stable
C01278,Sol Vale,Titan,Business,54,declining
C01279,Andromeda Gravity,Kepler-442b,Student,77,stable
C01280,Phoenix Void,Kepler-442b,Premium,70,growing
C01281,Cosmo Drift,Kepler-442b,Premium,41,growing
C01282,Nebula Cosmos,Elysium,Standard,56,stable
C01283,Andromeda Nexus,Europa,Premium,73,stable
C01284,Nova Astro,Elysium,Business,76,growing
C01285,Calypso Gravity,Europa,Standard,84,growing
C01286,Andromeda Cosmos,Elysium,Student,10,growing
C01287,Zenith Vector,Proxima,Standard,41,declining
C01288,Stella Comet,Kepler-442b,Premium,55,stable
C01289,Nebula Astro,Proxima,Standard,79,stable
C01290,Astra Rune,Proxima,Standard,34,declining
C01291,Nebula Vector,Europa,Premium,58,stable
C01292,Orion Ray,Proxima,Standard,6,stable
C01293,Sol Spectra,Elysium,Standard,8,occasional
C01294,Draco Quill,Kepler-442b,Business,13,stable
C01295,Nebula Vex,Europa,Business,14,stable
C01296,Aurora Flux,Proxima,Standard,67,occasional
C01297,Aria Spectra,Elysium,Business,70,stable
C01298,Lyra Echo,Elysium,Standard,43,stable
C01299,Altair Gravity,Europa,Student,33,occasional
C01300,Cosmo Flux,Kepler-442b,Standard,38,stable
C01301,Sol Solace,Kepler-442b,Standard,50,declining
C01302,Vega Comet,Elysium,Standard,34,occasional
C01303,Atlas Drift,Europa,Student,42,stable
C01304,Andromeda Vale,Kepler-442b,Premium,33,stable
C01305,Elara Star,Titan,Business,18,growing
C01306,Astra Vector,Europa,Standard,53,occasional
C01307,Sol Star,Kepler-442b,Business,33,stable
C01308,Luna Vector,Titan,Business,55,declining
C01309,Sol Vex,Europa,Standard,55,occasional
C01310,Phoenix Lumen,Europa,Business,15,declining
C01311,Titan Void,Elysium,Standard,56,growing
C01312,Rigel Gravity,Titan,Standard,6,declining
C01313,Io Astro,Proxima,Premium,20,stable
C01314,Cosmo Astro,Titan,Standard,13,stable
C01315,Astra Nexus,Proxima,Student,55,declining
C01316,Phoenix Vector,Europa,Business,20,stable
C01317,Calypso Solace,Titan,Student,28,stable
C01318,Zenith Orbit,Europa,Business,76,stable
C01319,Nova Halo,Elysium,Premium,14,occasional
C01320,Cosmo Void,Proxima,Standard,82,stable
C01321,Sol Flux,Kepler-442b,Business,24,occasional
C01322,Vega Quill,Elysium,Standard,61,declining
C01323,Draco Rune,Proxima,Student,27,occasional
C01324,Sol Star,Europa,Standard,58,occasional
C01325,Andromeda Ray,Titan,Student,27,stable
C01326,Stella Flux,Kepler-442b,Standard,36,stable
C01327,Cygnus Echo,Titan,Premium,61,stable
C01328,Draco Flux,Titan,Business,53,declining
C01329,Titan Pulse,Europa,Student,35,stable
C01330,Rigel Vale,Kepler-442b,Standard,33,growing
C01331,Zenith Meteor,Elysium,Student,8,stable
C01332,Aria Meteor,Europa,Standard,53,declining
C01333,Atlas Halo,Kepler-442b,Premium,36,stable
C01334,Draco Comet,Europa,Standard,43,declining
C01335,Stella Flux,Titan,Standard,8,occasional
C01336,Draco Void,Titan,Business,39,occasional
C01337,Sol Meteor,Titan,Standard,58,occasional
C01338,Phoenix Gravity,Europa,Student,22,growing
C01339,Calypso Astro,Europa,Standard,22,stable
C01340,Luna Vale,Europa,Standard,62,stable
C01341,Draco Vale,Europa,Standard,74,growing
C01342,Draco Rune,Proxima,Standard,14,stable
C01343,Nebula Orbit,Proxima,Student,37,growing
C01344,Calypso Solace,Proxima,Premium,3,growing
C01345,Altair Orbit,Europa,Business,34,declining
C01346,Calypso Rune,Titan,Standard,18,stable
C01347,Altair Rune,Titan,Standard,13,growing
C01348,Titan Spectra,Europa,Standard,37,growing
C01349,Nova Comet,Kepler-442b,Premium,60,stable
C01350,Aurora Gravity,Elysium,Standard,9,declining
C01351,Nebula Comet,Kepler-442b,Student,73,occasional
C01352,Elara Vex,Europa,Standard,33,occasional
C01353,Elara Vex,Kepler-442b,Business,23,stable
C01354,Elara Star,Proxima,Standard,65,declining
C01355,Aurora Star,Elysium,Standard,15,declining
C01356,Aria Ray,Europa,Standard,52,growing
C01357,Altair Meteor,Europa,Standard,57,declining
C01358,Andromeda Orbit,Europa,Premium,14,stable
C01359,Phoenix Vector,Proxima,Premium,22,occasional
C01360,Aria Astro,Elysium,Standard,62,stable
C01361,Draco Star,Proxima,Business,41,declining
C01362,Aria Cosmos,Titan,Premium,73,stable
C01363,Orion Nexus,Kepler-442b,Standard,55,stable
C01364,Calypso Gravity,Elysium,Student,48,stable
C01365,Lyra Nexus,Kepler-442b,Standard,62,stable
C01366,Luna Pulse,Kepler-442b,Standard,41,stable
C01367,Aurora Vector,Europa,Premium,36,stable
C01368,Luna Ray,Proxima,Standard,80,stable
C01369,Calypso Rune,Europa,Standard,3,stable
C01370,Nova Orbit,Europa,Standard,54,occasional
C01371,Aurora Meteor,Europa,Standard,81,stable
C01372,Calypso Lumen,Europa,Student,14,stable
C01373,Nova Ray,Kepler-442b,Student,27,occasional
C01374,Cosmo Zen,Proxima,Premium,58,declining
C01375,Rigel Ray,Kepler-442b,Standard,62,stable
C01376,Stella Quill,Kepler-442b,Standard,22,declining
C01377,Cygnus Zen,Europa,Standard,60,growing
C01378,Cosmo Star,Elysium,Student,53,stable
C01379,Nova Rune,Europa,Business,66,declining
C01380,Andromeda Gravity,Elysium,Business,7,growing
C01381,Draco Nexus,Elysium,Student,65,stable
C01382,Orion Nexus,Kepler-442b,Standard,43,growing
C01383,Sol Astro,Europa,Business,17,growing
C01384,Io Drift,Europa,Premium,5,stable
C01385,Aurora Ray,Europa,Standard,32,growing
C01386,Altair Spectra,Titan,Business,62,stable
C01387,Nebula Gravity,Europa,Business,49,declining
C01388,Luna Meteor,Proxima,Standard,14,declining
C01389,Atlas Orbit,Proxima,Standard,65,stable
C01390,Stella Zen,Titan,Standard,74,stable
C01391,Nova Drift,Titan,Standard,23,stable
C01392,Aria Vale,Kepler-442b,Standard,17,growing
C01393,Vega Halo,Proxima,Standard,46,declining
C01394,Quasar Vale,Elysium,Standard,22,occasional
C01395,Aria Meteor,Kepler-442b,Student,59,declining
C01396,Quasar Rune,Kepler-442b,Student,81,declining
C01397,Vega Halo,Kepler-442b,Standard,24,growing
C01398,Cosmo Drift,Proxima,Student,59,declining
C01399,Draco Gravity,Kepler-442b,Standard,49,stable
C01400,Atlas Rune,Proxima,Standard,56,declining
C01401,Nova Echo,Europa,Standard,67,stable
C01402,Sol Drift,Europa,Standard,34,stable
C01403,Quasar Nexus,Europa,Student,20,declining
C01404,Stella Cosmos,Europa,Business,69,declining
C01405,Zenith Quill,Europa,Standard,4,declining
C01406,Aria Vex,Kepler-442b,Standard,54,occasional
C01407,Luna Cosmos,Kepler-442b,Standard,7,declining
C01408,Io Flux,Elysium,Standard,83,occasional
C01409,Calypso Nexus,Titan,Standard,73,occasional
C01410,Aurora Gravity,Titan,Business,4,declining
C01411,Aria Meteor,Proxima,Student,60,growing
C01412,Rigel Meteor,Elysium,Premium,47,occasional
C01413,Io Pulse,Proxima,Business,13,stable
C01414,Phoenix Pulse,Proxima,Standard,72,stable
C01415,Lyra Nexus,Elysium,Standard,46,declining
C01416,Luna Quill,Kepler-442b,Business,72,growing
C01417,Astra Star,Europa,Business,17,declining
C01418,Zenith Void,Elysium,Standard,9,declining
C01419,Vega Vector,Titan,Premium,3,growing
C01420,Astra Gravity,Elysium,Premium,83,declining
C01421,Andromeda Echo,Titan,Standard,76,declining
C01422,Titan Pulse,Elysium,Student,16,stable
C01423,Altair Ray,Titan,Standard,21,declining
C01424,Stella Vex,Kepler-442b,Standard,19,growing
C01425,Cygnus Vex,Titan,Premium,54,growing
C01426,Aria Pulse,Titan,Premium,84,stable
C01427,Cygnus Lumen,Europa,Student,56,declining
C01428,Atlas Nexus,Proxima,Standard,61,stable
C01429,Titan Nexus,Elysium,Standard,30,growing
C01430,Orion Gravity,Proxima,Business,50,occasional
C01431,Vega Meteor,Europa,Standard,50,growing
C01432,Orion Nexus,Proxima,Standard,42,occasional
C01433,Nebula Star,Europa,Standard,21,stable
C01434,Altair Cosmos,Kepler-442b,Business,42,occasional
C01435,Cosmo Orbit,Europa,Standard,73,stable
C01436,Orion Cosmos,Europa,Premium,75,growing
C01437,Phoenix Pulse,Europa,Student,80,stable
C01438,Atlas Nexus,Europa,Student,60,stable
C01439,Aurora Comet,Kepler-442b,Student,82,stable
C01440,Astra Pulse,Titan,Standard,59,declining
C01441,Io Vex,Proxima,Student,76,growing
C01442,Quasar Lumen,Titan,Premium,18,growing
C01443,Lyra Ray,Elysium,Standard,9,occasional
C01444,Aria Ray,Europa,Standard,5,stable
C01445,Rigel Orbit,Kepler-442b,Standard,29,stable
C01446,Titan Solace,Europa,Standard,71,growing
C01447,Elara Solace,Kepler-442b,Standard,5,stable
C01448,Luna Cosmos,Kepler-442b,Business,43,stable
C01449,Lyra Rune,Kepler-442b,Standard,39,stable
C01450,Sol Vex,Proxima,Standard,55,declining
C01451,Orion Meteor,Titan,Standard,10,stable
C01452,Vega Comet,Proxima,Standard,44,stable
C01453,Vega Vale,Proxima,Standard,79,growing
C01454,Draco Nexus,Elysium,Standard,17,stable
C01455,Phoenix Vector,Elysium,Standard,64,stable
C01456,Io Echo,Kepler-442b,Standard,78,declining
C01457,Astra Halo,Proxima,Standard,55,stable
C01458,Io Nexus,Proxima,Student,21,stable
C01459,Luna Echo,Elysium,Business,74,growing
C01460,Nova Vector,Elysium,Standard,24,stable
C01461,Draco Void,Elysium,Standard,51,occasional
C01462,Io Ray,Elysium,Student,39,stable
C01463,Aurora Halo,Elysium,Standard,14,stable
C01464,Vega Flux,Elysium,Business,58,stable
C01465,Aria Comet,Titan,Premium,60,stable
C01466,Calypso Comet,Titan,Standard,79,stable
C01467,Titan Flux,Kepler-442b,Premium,3,occasional
C01468,Calypso Orbit,Europa,Premium,65,declining
C01469,Rigel Vex,Kepler-442b,Standard,59,declining
C01470,Zenith Pulse,Elysium,Standard,25,declining
C01471,Titan Quill,Kepler-442b,Standard,27,stable
C01472,Astra Gravity,Kepler-442b,Student,48,stable
C01473,Andromeda Astro,Titan,Student,31,stable
C01474,Draco Drift,Kepler-442b,Standard,80,stable
C01475,Cosmo Astro,Europa,Standard,38,growing
C01476,Draco Orbit,Elysium,Standard,75,declining
C01477,Andromeda Solace,Proxima,Standard,19,declining
C01478,Atlas Void,Elysium,Business,69,declining
C01479,Sol Ray,Kepler-442b,Business,71,growing
C01480,Calypso Halo,Europa,Standard,57,growing
C01481,Io Vale,Titan,Standard,55,stable
C01482,Calypso Nexus,Europa,Standard,69,declining
C01483,Aurora Echo,Kepler-442b,Standard,56,growing
C01484,Phoenix Quill,Europa,Standard,13,occasional
C01485,Nova Gravity,Proxima,Business,57,occasional
C01486,Astra Ray,Proxima,Standard,11,growing
C01487,Vega Quill,Europa,Standard,6,growing
C01488,Io Comet,Titan,Standard,63,stable
C01489,Phoenix Vale,Titan,Standard,33,occasional
C01490,Quasar Meteor,Elysium,Standard,15,growing
C01491,Altair Rune,Kepler-442b,Business,7,stable
C01492,Titan Vex,Proxima,Standard,59,stable
C01493,Andromeda Astro,Europa,Standard,10,growing
C01494,Nebula Pulse,Europa,Standard,55,stable
C01495,Andromeda Spectra,Elysium,Standard,52,growing
C01496,Stella Meteor,Elysium,Standard,6,growing
C01497,Phoenix Solace,Proxima,Standard,4,growing
C01498,Lyra Solace,Proxima,Business,19,growing
C01499,Sol Drift,Europa,Standard,82,stable
C01500,Astra Flux,Kepler-442b,Standard,42,growing
C01501,Aria Astro,Titan,Standard,72,declining
C01502,Atlas Zen,Titan,Premium,40,stable
C01503,Nova Nexus,Elysium,Premium,21,stable
C01504,Aria Halo,Kepler-442b,Standard,28,occasional
C01505,Io Ray,Kepler-442b,Standard,63,declining
C01506,Cygnus Meteor,Titan,Business,75,occasional
C01507,Andromeda Star,Europa,Standard,16,growing
C01508,Orion Zen,Proxima,Business,84,stable
C01509,Astra Vector,Elysium,Standard,64,declining
C01510,Phoenix Gravity,Europa,Standard,26,declining
C01511,Nova Drift,Kepler-442b,Standard,6,growing
C01512,Atlas Star,Europa,Standard,77,occasional
C01513,Zenith Vale,Kepler-442b,Standard,39,stable
C01514,Sol Gravity,Proxima,Standard,73,stable
C01515,Cosmo Quill,Proxima,Student,15,stable
C01516,Calypso Flux,Europa,Premium,17,stable
C01517,Cosmo Star,Europa,Standard,50,declining
C01518,Aria Meteor,Europa,Business,11,stable
C01519,Atlas Ray,Proxima,Standard,50,stable
C01520,Stella Astro,Proxima,Business,81,growing
C01521,Rigel Star,Proxima,Standard,9,growing
C01522,Sol Flux,Elysium,Business,65,stable
C01523,Lyra Zen,Elysium,Standard,68,stable
C01524,Io Nexus,Titan,Standard,62,stable
C01525,Titan Drift,Elysium,Premium,66,growing
C01526,Altair Pulse,Elysium,Premium,29,stable
C01527,Cosmo Vector,Proxima,Standard,42,stable
C01528,Elara Solace,Proxima,Business,50,stable
C01529,Lyra Flux,Kepler-442b,Standard,69,stable
C01530,Altair Vale,Europa,Standard,46,stable
C01531,Cygnus Cosmos,Europa,Standard,66,stable
C01532,Elara Quill,Proxima,Standard,36,growing
C01533,Zenith Vex,Titan,Student,68,growing
C01534,Lyra Void,Proxima,Standard,12,stable
C01535,Rigel Ray,Titan,Standard,45,stable
C01536,Aurora Spectra,Titan,Standard,80,occasional
C01537,Quasar Lumen,Elysium,Business,4,declining
C01538,Nebula Drift,Europa,Business,77,declining
C01539,Nova Zen,Elysium,Business,22,occasional
C01540,Astra Echo,Proxima,Standard,69,growing
C01541,Rigel Vector,Europa,Standard,13,stable
C01542,Cosmo Cosmos,Europa,Standard,60,occasional
C01543,Nova Drift,Proxima,Premium,19,stable
C01544,Aurora Quill,Europa,Student,48,stable
C01545,Stella Cosmos,Europa,Student,71,stable
C01546,Altair Quill,Elysium,Student,20,stable
C01547,Phoenix Solace,Elysium,Business,76,occasional
C01548,Elara Ray,Europa,Standard,52,stable
C01549,Vega Comet,Elysium,Business,84,occasional
C01550,Lyra Orbit,Kepler-442b,Premium,25,stable
C01551,Titan Meteor,Europa,Standard,28,stable
C01552,Elara Star,Proxima,Standard,70,stable
C01553,Orion Drift,Elysium,Standard,44,occasional
C01554,Stella Pulse,Proxima,Business,19,growing
C01555,Draco Gravity,Kepler-442b,Standard,29,stable
C01556,Cosmo Star,Europa,Student,63,stable
C01557,Altair Star,Elysium,Standard,61,stable
C01558,Nova Flux,Europa,Standard,54,growing
C01559,Astra Nexus,Titan,Business,65,growing
C01560,Altair Vale,Kepler-442b,Standard,61,stable
C01561,Titan Star,Europa,Premium,25,stable
C01562,Luna Meteor,Europa,Standard,26,declining
C01563,Vega Pulse,Kepler-442b,Standard,23,stable
C01564,Io Halo,Titan,Premium,11,declining
C01565,Aurora Ray,Europa,Standard,73,stable
C01566,Zenith Vex,Kepler-442b,Standard,44,stable
C01567,Luna Void,Proxima,Standard,62,stable
C01568,Io Lumen,Europa,Standard,54,occasional
C01569,Elara Vale,Kepler-442b,Standard,20,stable
C01570,Aurora Vector,Europa,Standard,13,growing
C01571,Astra Lumen,Europa,Standard,38,declining
C01572,Luna Quill,Elysium,Standard,40,stable
C01573,Aurora Pulse,Proxima,Standard,4,declining
C01574,Atlas Vector,Titan,Standard,7,occasional
C01575,Rigel Ray,Europa,Premium,84,declining
C01576,Io Spectra,Kepler-442b,Standard,42,stable
C01577,Andromeda Quill,Kepler-442b,Student,28,occasional
C01578,Zenith Echo,Proxima,Standard,56,stable
C01579,Nova Comet,Proxima,Premium,11,stable
C01580,Vega Spectra,Proxima,Student,8,stable
C01581,Vega Comet,Titan,Premium,27,growing
C01582,Rigel Pulse,Europa,Standard,30,stable
C01583,Phoenix Orbit,Kepler-442b,Standard,43,stable
C01584,Cosmo Vector,Proxima,Standard,38,growing
C01585,Zenith Vale,Kepler-442b,Business,55,stable
C01586,Andromeda Zen,Kepler-442b,Student,75,stable
C01587,Vega Meteor,Titan,Business,52,declining
C01588,Quasar Lumen,Proxima,Standard,84,declining
C01589,Titan Comet,Europa,Standard,5,growing
C01590,Altair Vector,Europa,Standard,32,growing
C01591,Titan Quill,Proxima,Standard,18,stable
C01592,Aurora Cosmos,Proxima,Premium,10,stable
C01593,Draco Star,Proxima,Standard,29,growing
C01594,Astra Gravity,Elysium,Business,59,declining
C01595,Phoenix Flux,Titan,Standard,8,growing
C01596,Stella Astro,Titan,Student,32,declining
C01597,Phoenix Comet,Proxima,Standard,9,occasional
C01598,Calypso Echo,Proxima,Premium,51,growing
C01599,Luna Vector,Kepler-442b,Standard,65,stable
C01600,Cosmo Vale,Proxima,Business,19,stable
C01601,Altair Halo,Proxima,Standard,13,stable
C01602,Cygnus Star,Proxima,Student,34,stable
C01603,Andromeda Echo,Titan,Standard,60,occasional
C01604,Cosmo Void,Europa,Standard,49,stable
C01605,Luna Zen,Europa,Standard,81,declining
C01606,Quasar Flux,Europa,Standard,51,stable
C01607,Lyra Star,Elysium,Standard,73,declining
C01608,Sol Pulse,Europa,Standard,39,stable
C01609,Andromeda Zen,Kepler-442b,Standard,63,stable
C01610,Cosmo Quill,Kepler-442b,Business,50,growing
C01611,Stella Pulse,Titan,Standard,42,growing
C01612,Altair Vex,Europa,Business,18,stable
C01613,Altair Orbit,Proxima,Student,35,declining
C01614,Quasar Gravity,Titan,Standard,65,growing
C01615,Zenith Lumen,Kepler-442b,Premium,57,declining
C01616,Astra Zen,Kepler-442b,Business,49,growing
C01617,Calypso Quill,Proxima,Standard,61,occasional
C01618,Atlas Void,Proxima,Premium,23,stable
C01619,Quasar Vex,Europa,Standard,78,occasional
C01620,Lyra Nexus,Proxima,Business,24,declining
C01621,Sol Lumen,Titan,Standard,71,declining
C01622,Elara Solace,Titan,Student,14,stable
C01623,Altair Drift,Proxima,Standard,29,occasional
C01624,Elara Lumen,Titan,Standard,24,declining
C01625,Nova Rune,Kepler-442b,Student,56,growing
C01626,Io Star,Europa,Standard,50,stable
C01627,Atlas Ray,Europa,Standard,17,growing
C01628,Cosmo Orbit,Proxima,Standard,26,declining
C01629,Cosmo Void,Europa,Standard,82,stable
C01630,Io Orbit,Kepler-442b,Standard,51,stable
C01631,Lyra Comet,Kepler-442b,Premium,64,growing
C01632,Quasar Rune,Kepler-442b,Standard,3,declining
C01633,Orion Rune,Proxima,Standard,3,stable
C01634,Aria Void,Europa,Standard,46,growing
C01635,Phoenix Drift,Titan,Business,33,occasional
C01636,Calypso Pulse,Europa,Premium,48,occasional
C01637,Vega Quill,Europa,Business,54,declining
C01638,Atlas Quill,Elysium,Standard,70,stable
C01639,Titan Echo,Titan,Standard,63,growing
C01640,Calypso Ray,Kepler-442b,Business,44,stable
C01641,Zenith Vale,Titan,Premium,32,growing
C01642,Elara Gravity,Elysium,Student,47,stable
C01643,Draco Spectra,Kepler-442b,Student,40,growing
C01644,Titan Flux,Elysium,Business,67,stable
C01645,Draco Vex,Titan,Student,73,occasional
C01646,Cygnus Orbit,Europa,Business,64,declining
C01647,Astra Echo,Proxima,Standard,14,stable
C01648,Titan Quill,Proxima,Business,44,occasional
C01649,Quasar Void,Proxima,Student,63,occasional
C01650,Calypso Rune,Proxima,Business,84,declining
C01651,Lyra Lumen,Titan,Business,76,declining
C01652,Andromeda Vex,Titan,Standard,51,declining
C01653,Rigel Cosmos,Proxima,Standard,17,stable
C01654,Vega Vex,Titan,Student,27,declining
C01655,Vega Solace,Titan,Standard,43,occasional
C01656,Altair Gravity,Kepler-442b,Standard,78,growing
C01657,Elara Cosmos,Titan,Student,19,growing
C01658,Andromeda Solace,Proxima,Standard,4,growing
C01659,Cygnus Comet,Proxima,Student,40,declining
C01660,Draco Spectra,Europa,Standard,39,stable
C01661,Calypso Lumen,Kepler-442b,Premium,42,growing
C01662,Titan Rune,Titan,Business,76,growing
C01663,Cosmo Zen,Titan,Student,51,stable
C01664,Phoenix Flux,Proxima,Student,31,declining
C01665,Orion Orbit,Europa,Student,41,occasional
C01666,Calypso Orbit,Kepler-442b,Standard,46,stable
C01667,Draco Drift,Europa,Standard,70,declining
C01668,Nebula Lumen,Proxima,Student,73,stable
C01669,Atlas Comet,Elysium,Business,9,declining
C01670,Titan Star,Europa,Premium,76,stable
C01671,Titan Zen,Titan,Business,29,stable
C01672,Aurora Ray,Kepler-442b,Standard,76,stable
C01673,Atlas Pulse,Europa,Premium,24,occasional
C01674,Vega Drift,Europa,Standard,9,stable
C01675,Aria Astro,Titan,Premium,22,growing
C01676,Elara Echo,Kepler-442b,Standard,53,growing
C01677,Titan Meteor,Proxima,Premium,51,declining
C01678,Calypso Spectra,Kepler-442b,Student,51,stable
C01679,Io Vector,Titan,Standard,17,stable
C01680,Draco Astro,Elysium,Standard,78,growing
C01681,Altair Zen,Titan,Premium,15,declining
C01682,Luna Pulse,Europa,Business,58,stable
C01683,Atlas Rune,Titan,Standard,71,stable
C01684,Titan Quill,Europa,Premium,71,declining
C01685,Aria Zen,Kepler-442b,Standard,77,growing
C01686,Io Rune,Proxima,Business,18,stable
C01687,Andromeda Lumen,Proxima,Standard,60,declining
C01688,Vega Vale,Proxima,Premium,23,stable
C01689,Sol Vale,Kepler-442b,Business,67,stable
C01690,Rigel Orbit,Europa,Business,3,stable
C01691,Orion Nexus,Titan,Premium,59,stable
C01692,Draco Lumen,Titan,Standard,48,growing
C01693,Aria Ray,Kepler-442b,Premium,8,stable
C01694,Cosmo Flux,Titan,Business,30,occasional
C01695,Andromeda Halo,Proxima,Premium,38,stable
C01696,Andromeda Cosmos,Kepler-442b,Standard,36,stable
C01697,Luna Pulse,Europa,Standard,35,declining
C01698,Titan Flux,Elysium,Standard,83,declining
C01699,Io Lumen,Proxima,Student,75,declining
C01700,Aria Meteor,Proxima,Standard,22,stable
C01701,Stella Pulse,Kepler-442b,Business,34,stable
C01702,Vega Halo,Kepler-442b,Premium,55,stable
C01703,Io Vex,Titan,Business,37,stable
C01704,Astra Void,Kepler-442b,Standard,31,stable
C01705,Vega Rune,Proxima,Standard,42,growing
C01706,Draco Rune,Elysium,Standard,76,occasional
C01707,Rigel Void,Elysium,Standard,9,stable
C01708,Quasar Pulse,Proxima,Standard,71,growing
C01709,Elara Zen,Elysium,Standard,4,declining
C01710,Titan Flux,Proxima,Standard,75,declining
C01711,Orion Gravity,Titan,Student,34,declining
C01712,Stella Lumen,Europa,Standard,48,declining
C01713,Aria Star,Titan,Business,69,occasional
C01714,Astra Star,Kepler-442b,Business,55,declining
C01715,Lyra Astro,Kepler-442b,Standard,33,occasional
C01716,Luna Solace,Kepler-442b,Standard,39,growing
C01717,Draco Quill,Europa,Premium,20,growing
C01718,Aria Spectra,Elysium,Premium,54,stable
C01719,Cosmo Gravity,Kepler-442b,Student,71,declining
C01720,Astra Gravity,Elysium,Premium,8,growing
C01721,Luna Spectra,Elysium,Business,25,stable
C01722,Atlas Nexus,Titan,Business,57,growing
C01723,Luna Drift,Kepler-442b,Standard,34,declining
C01724,Quasar Rune,Titan,Standard,40,stable
C01725,Nova Gravity,Elysium,Standard,42,occasional
C01726,Io Nexus,Kepler-442b,Business,82,declining
C01727,Orion Drift,Kepler-442b,Premium,45,stable
C01728,Vega Quill,Titan,Business,26,stable
C01729,Nova Rune,Europa,Standard,13,growing
C01730,Atlas Cosmos,Kepler-442b,Business,3,stable
C01731,Calypso Void,Proxima,Standard,50,stable
C01732,Stella Orbit,Elysium,Student,16,occasional
C01733,Calypso Vector,Proxima,Standard,58,stable
C01734,Titan Ray,Kepler-442b,Standard,8,stable
C01735,Stella Gravity,Titan,Business,23,declining
C01736,Draco Spectra,Titan,Standard,65,growing
C01737,Calypso Lumen,Proxima,Standard,54,growing
C01738,Aurora Pulse,Proxima,Standard,16,declining
C01739,Atlas Flux,Titan,Standard,33,stable
C01740,Phoenix Cosmos,Elysium,Student,58,growing
C01741,Nebula Zen,Kepler-442b,Student,34,growing
C01742,Aurora Nexus,Proxima,Standard,17,occasional
C01743,Titan Echo,Europa,Standard,16,declining
C01744,Aria Meteor,Proxima,Standard,78,growing
C01745,Atlas Echo,Kepler-442b,Standard,7,stable
C01746,Cosmo Flux,Europa,Standard,28,stable
C01747,Orion Pulse,Europa,Standard,84,occasional
C01748,Astra Comet,Europa,Standard,68,stable
C01749,Orion Star,Kepler-442b,Standard,38,occasional
C01750,Titan Cosmos,Proxima,Standard,9,stable
C01751,Nova Vale,Titan,Standard,63,stable
C01752,Andromeda Rune,Europa,Standard,65,stable
C01753,Nebula Rune,Kepler-442b,Premium,73,declining
C01754,Atlas Comet,Titan,Student,49,declining
C01755,Altair Nexus,Elysium,Standard,38,stable
C01756,Elara Vex,Kepler-442b,Standard,80,stable
C01757,Altair Astro,Proxima,Standard,60,occasional
C01758,Lyra Halo,Elysium,Standard,63,occasional
C01759,Cosmo Halo,Proxima,Standard,27,stable
C01760,Titan Void,Elysium,Business,49,stable
C01761,Titan Rune,Europa,Standard,56,growing
C01762,Aria Quill,Proxima,Premium,19,stable
C01763,Altair Vale,Proxima,Student,53,growing
C01764,Rigel Nexus,Kepler-442b,Standard,68,stable
C01765,Quasar Pulse,Europa,Premium,29,stable
C01766,Luna Solace,Proxima,Premium,4,occasional
C01767,Aria Vector,Elysium,Student,70,stable
C01768,Astra Star,Titan,Premium,24,stable
C01769,Rigel Echo,Titan,Standard,21,occasional
C01770,Sol Flux,Titan,Business,9,growing
C01771,Astra Ray,Elysium,Standard,47,growing
C01772,Zenith Comet,Kepler-442b,Business,73,stable
C01773,Atlas Cosmos,Elysium,Standard,10,growing
C01774,Nova Drift,Proxima,Student,38,stable
C01775,Nova Halo,Elysium,Standard,51,occasional
C01776,Sol Astro,Elysium,Premium,59,stable
C01777,Sol Ray,Elysium,Premium,53,stable
C01778,Astra Gravity,Europa,Standard,64,stable
C01779,Luna Vector,Proxima,Student,25,stable
C01780,Draco Gravity,Proxima,Premium,5,stable
C01781,Luna Pulse,Elysium,Standard,21,stable
C01782,Astra Vector,Europa,Standard,70,stable
C01783,Quasar Quill,Elysium,Standard,52,stable
C01784,Nova Astro,Kepler-442b,Standard,13,stable
C01785,Io Meteor,Kepler-442b,Student,4,occasional
C01786,Vega Halo,Titan,Business,13,stable
C01787,Draco Solace,Europa,Student,42,stable
C01788,Atlas Echo,Kepler-442b,Standard,37,growing
C01789,Vega Quill,Kepler-442b,Standard,40,stable
C01790,Stella Flux,Kepler-442b,Business,6,stable
C01791,Elara Flux,Titan,Premium,31,occasional
C01792,Calypso Pulse,Kepler-442b,Standard,17,stable
C01793,Nebula Drift,Kepler-442b,Premium,18,stable
C01794,Lyra Vale,Elysium,Standard,57,growing
C01795,Andromeda Orbit,Europa,Standard,41,growing
C01796,Nebula Drift,Kepler-442b,Standard,66,declining
C01797,Sol Lumen,Kepler-442b,Student,22,declining
C01798,Atlas Comet,Proxima,Standard,64,declining
C01799,Vega Solace,Europa,Business,38,stable
C01800,Phoenix Flux,Proxima,Student,48,stable
C01801,Stella Zen,Europa,Premium,84,stable
C01802,Io Echo,Europa,Standard,66,growing
C01803,Draco Halo,Elysium,Student,52,stable
C01804,Titan Cosmos,Elysium,Premium,31,declining
C01805,Astra Drift,Kepler-442b,Standard,5,stable
C01806,Draco Flux,Kepler-442b,Standard,47,stable
C01807,Quasar Flux,Titan,Standard,73,occasional
C01808,Stella Echo,Proxima,Student,10,declining
C01809,Vega Lumen,Proxima,Standard,6,declining
C01810,Stella Drift,Kepler-442b,Student,77,stable
C01811,Andromeda Orbit,Kepler-442b,Standard,21,stable
C01812,Lyra Quill,Elysium,Student,56,stable
C01813,Luna Zen,Proxima,Student,41,growing
C01814,Aurora Comet,Europa,Student,4,stable
C01815,Atlas Vale,Kepler-442b,Premium,25,growing
C01816,Nova Pulse,Europa,Premium,61,growing
C01817,Sol Solace,Elysium,Standard,32,stable
C01818,Luna Void,Kepler-442b,Standard,19,declining
C01819,Elara Meteor,Kepler-442b,Standard,26,declining
C01820,Rigel Meteor,Kepler-442b,Student,62,growing
C01821,Io Astro,Europa,Student,24,stable
C01822,Zenith Astro,Europa,Standard,16,stable
C01823,Zenith Meteor,Titan,Standard,39,stable
C01824,Vega Vex,Proxima,Premium,42,stable
C01825,Cosmo Astro,Kepler-442b,Standard,13,occasional
C01826,Altair Vale,Elysium,Business,64,stable
C01827,Phoenix Vex,Titan,Standard,48,declining
C01828,Elara Nexus,Proxima,Standard,53,declining
C01829,Atlas Lumen,Kepler-442b,Standard,67,stable
C01830,Quasar Flux,Kepler-442b,Premium,51,growing
C01831,Orion Star,Proxima,Standard,62,stable
C01832,Io Vex,Proxima,Business,21,declining
C01833,Luna Nexus,Elysium,Business,80,declining
C01834,Quasar Comet,Europa,Student,46,stable
C01835,Andromeda Cosmos,Kepler-442b,Business,52,stable
C01836,Andromeda Meteor,Kepler-442b,Business,75,growing
C01837,Draco Rune,Kepler-442b,Standard,42,growing
C01838,Lyra Zen,Kepler-442b,Standard,24,occasional
C01839,Luna Vex,Titan,Premium,48,stable
C01840,Luna Lumen,Europa,Standard,63,occasional
C01841,Quasar Vector,Proxima,Business,75,growing
C01842,Zenith Star,Europa,Standard,82,occasional
C01843,Atlas Vector,Titan,Standard,82,occasional
C01844,Zenith Vex,Europa,Standard,36,occasional
C01845,Calypso Vale,Elysium,Business,10,declining
C01846,Astra Lumen,Elysium,Standard,16,stable
C01847,Luna Solace,Europa,Business,31,stable
C01848,Cygnus Spectra,Kepler-442b,Standard,62,growing
C01849,Cygnus Rune,Kepler-442b,Standard,16,occasional
C01850,Elara Cosmos,Proxima,Standard,11,stable
C01851,Andromeda Zen,Proxima,Student,63,stable
C01852,Cygnus Vale,Elysium,Standard,63,stable
C01853,Cosmo Comet,Elysium,Standard,79,declining
C01854,Orion Drift,Europa,Business,30,stable
C01855,Nova Spectra,Europa,Standard,84,stable
C01856,Atlas Vex,Titan,Standard,41,occasional
C01857,Cygnus Cosmos,Elysium,Standard,36,stable
C01858,Orion Vex,Europa,Standard,41,stable
C01859,Zenith Cosmos,Europa,Standard,23,occasional
C01860,Stella Drift,Elysium,Standard,4,growing
C01861,Andromeda Ray,Kepler-442b,Student,77,growing
C01862,Phoenix Spectra,Titan,Standard,61,occasional
C01863,Draco Comet,Kepler-442b,Student,55,stable
C01864,Aurora Quill,Europa,Business,19,growing
C01865,Io Solace,Kepler-442b,Standard,27,stable
C01866,Rigel Orbit,Elysium,Standard,47,stable
C01867,Cosmo Spectra,Elysium,Business,50,declining
C01868,Nova Star,Titan,Standard,18,declining
C01869,Io Vector,Europa,Standard,48,declining
C01870,Stella Nexus,Titan,Standard,25,growing
C01871,Zenith Orbit,Elysium,Premium,72,stable
C01872,Nebula Spectra,Europa,Premium,82,occasional
C01873,Vega Vex,Kepler-442b,Standard,5,growing
C01874,Stella Rune,Europa,Student,82,occasional
C01875,Vega Astro,Europa,Standard,7,declining
C01876,Stella Ray,Proxima,Student,73,stable
C01877,Cosmo Zen,Kepler-442b,Standard,62,stable
C01878,Io Lumen,Europa,Standard,50,declining
C01879,Aria Star,Titan,Business,36,stable
C01880,Stella Spectra,Proxima,Standard,56,stable
C01881,Nova Flux,Titan,Student,69,declining
C01882,Andromeda Comet,Titan,Standard,76,occasional
C01883,Astra Halo,Europa,Standard,53,declining
C01884,Altair Cosmos,Proxima,Business,52,occasional
C01885,Luna Pulse,Titan,Standard,58,stable
C01886,Titan Flux,Elysium,Standard,76,declining
C01887,Quasar Astro,Titan,Student,23,occasional
C01888,Cosmo Vex,Kepler-442b,Standard,4,growing
C01889,Altair Flux,Kepler-442b,Premium,72,occasional
C01890,Lyra Solace,Europa,Standard,19,occasional
C01891,Io Astro,Titan,Standard,31,stable
C01892,Rigel Echo,Europa,Student,9,stable
C01893,Atlas Astro,Kepler-442b,Premium,77,occasional
C01894,Vega Vector,Elysium,Standard,21,stable
C01895,Luna Vex,Kepler-442b,Standard,49,occasional
C01896,Cosmo Pulse,Kepler-442b,Standard,5,stable
C01897,Draco Astro,Kepler-442b,Standard,56,stable
C01898,Phoenix Astro,Europa,Student,26,stable
C01899,Luna Spectra,Elysium,Premium,7,stable
C01900,Phoenix Drift,Europa,Business,79,growing
C01901,Luna Nexus,Titan,Business,27,growing
C01902,Rigel Quill,Elysium,Standard,22,stable
C01903,Zenith Rune,Proxima,Standard,20,stable
C01904,Aurora Lumen,Proxima,Standard,64,stable
C01905,Lyra Drift,Elysium,Premium,62,declining
C01906,Draco Cosmos,Elysium,Business,27,stable
C01907,Cosmo Spectra,Titan,Business,16,growing
C01908,Quasar Solace,Titan,Standard,29,occasional
C01909,Draco Cosmos,Europa,Standard,37,declining
C01910,Andromeda Rune,Elysium,Standard,28,growing
C01911,Zenith Astro,Kepler-442b,Standard,7,occasional
C01912,Sol Solace,Europa,Standard,70,stable
C01913,Nova Rune,Proxima,Student,57,declining
C01914,Zenith Echo,Kepler-442b,Standard,50,stable
C01915,Quasar Comet,Kepler-442b,Standard,4,declining
C01916,Cosmo Vector,Elysium,Student,32,growing
C01917,Elara Star,Elysium,Standard,30,stable
C01918,Sol Lumen,Elysium,Business,12,growing
C01919,Io Cosmos,Europa,Standard,43,stable
C01920,Orion Zen,Europa,Standard,38,stable
C01921,Vega Vector,Proxima,Premium,78,stable
C01922,Altair Quill,Titan,Standard,76,occasional
C01923,Cygnus Star,Proxima,Student,54,stable
C01924,Rigel Nexus,Kepler-442b,Standard,5,stable
C01925,Vega Cosmos,Titan,Standard,47,stable
C01926,Rigel Comet,Europa,Premium,53,stable
C01927,Cygnus Zen,Kepler-442b,Student,82,stable
C01928,Astra Vale,Kepler-442b,Standard,44,occasional
C01929,Aurora Cosmos,Proxima,Standard,27,declining
C01930,Zenith Halo,Kepler-442b,Business,9,stable
C01931,Orion Rune,Kepler-442b,Business,12,stable
C01932,Titan Meteor,Europa,Standard,24,occasional
C01933,Altair Vector,Kepler-442b,Standard,21,declining
C01934,Stella Astro,Europa,Premium,69,growing
C01935,Altair Zen,Europa,Business,44,declining
C01936,Draco Echo,Kepler-442b,Standard,40,declining
C01937,Zenith Halo,Proxima,Premium,29,declining
C01938,Lyra Zen,Kepler-442b,Standard,30,growing
C01939,Elara Ray,Europa,Standard,29,declining
C01940,Quasar Nexus,Elysium,Business,42,declining
C01941,Io Flux,Elysium,Standard,19,stable
C01942,Zenith Pulse,Europa,Business,68,stable
C01943,Elara Ray,Kepler-442b,Standard,24,declining
C01944,Altair Astro,Kepler-442b,Standard,16,declining
C01945,Astra Quill,Europa,Standard,6,growing
C01946,Aria Vector,Titan,Standard,73,stable
C01947,Stella Ray,Proxima,Standard,58,growing
C01948,Orion Vector,Titan,Standard,9,growing
C01949,Aurora Cosmos,Proxima,Standard,54,stable
C01950,Sol Nexus,Elysium,Standard,58,stable
C01951,Orion Astro,Proxima,Business,31,stable
C01952,Orion Solace,Titan,Standard,71,stable
C01953,Astra Meteor,Europa,Standard,15,stable
C01954,Titan Void,Europa,Standard,29,stable
C01955,Nebula Lumen,Elysium,Standard,3,stable
C01956,Aria Lumen,Elysium,Standard,42,occasional
C01957,Titan Echo,Proxima,Standard,11,stable
C01958,Phoenix Vector,Proxima,Business,63,stable
C01959,Nova Orbit,Titan,Business,24,declining
C01960,Nova Meteor,Titan,Business,77,stable
C01961,Astra Zen,Kepler-442b,Standard,5,growing
C01962,Nebula Echo,Elysium,Standard,21,declining
C01963,Vega Star,Titan,Standard,47,occasional
C01964,Sol Spectra,Europa,Standard,61,stable
C01965,Zenith Star,Titan,Business,79,growing
C01966,Sol Spectra,Elysium,Student,5,stable
C01967,Stella Echo,Proxima,Standard,6,stable
C01968,Aurora Lumen,Europa,Standard,14,stable
C01969,Elara Astro,Kepler-442b,Business,83,declining
C01970,Cygnus Nexus,Proxima,Standard,47,occasional
C01971,Elara Solace,Europa,Business,38,stable
C01972,Orion Solace,Elysium,Student,81,stable
C01973,Cygnus Solace,Titan,Standard,4,growing
C01974,Calypso Flux,Europa,Premium,69,occasional
C01975,Andromeda Halo,Proxima,Standard,39,stable
C01976,Nebula Quill,Europa,Standard,39,declining
C01977,Vega Vale,Europa,Standard,58,stable
C01978,Nova Vale,Titan,Standard,39,declining
C01979,Aria Spectra,Elysium,Standard,14,declining
C01980,Atlas Gravity,Proxima,Standard,13,stable
C01981,Orion Zen,Titan,Standard,84,stable
C01982,Elara Rune,Titan,Business,79,stable
C01983,Altair Cosmos,Titan,Student,20,declining
C01984,Cosmo Void,Proxima,Standard,28,stable
C01985,Lyra Star,Elysium,Business,62,growing
C01986,Elara Cosmos,Kepler-442b,Standard,59,declining
C01987,Aria Spectra,Titan,Standard,57,growing
C01988,Stella Vector,Kepler-442b,Business,6,occasional
C01989,Stella Vex,Proxima,Premium,41,declining
C01990,Altair Nexus,Titan,Standard,72,occasional
C01991,Nebula Vale,Europa,Standard,3,growing
C01992,Quasar Nexus,Europa,Student,13,stable
C01993,Io Rune,Titan,Premium,40,growing
C01994,Titan Comet,Kepler-442b,Standard,77,declining
C01995,Aurora Lumen,Kepler-442b,Student,69,stable
C01996,Aurora Zen,Proxima,Standard,84,occasional
C01997,Nebula Astro,Titan,Student,3,declining
C01998,Andromeda Lumen,Proxima,Standard,3,stable
C01999,Vega Nexus,Kepler-442b,Standard,16,growing
C02000,Aria Vector,Europa,Standard,18,stable
